Year,Country,Count
1948,Afghanistan,0
1948,Algeria,0
1948,Argentina,12
1948,Armenia,0
1948,Australia,16
1948,Austria,4
1948,Azerbaijan,0
1948,Bahamas,0
1948,Bahrain,0
1948,Belarus,0
1948,Belgium,14
1948,Bermuda,0
1948,Botswana,0
1948,Brazil,12
1948,Bulgaria,0
1948,Burundi,0
1948,Cameroon,0
1948,Canada,6
1948,Chile,0
1948,China,0
1948,Colombia,0
1948,Costa Rica,0
1948,Croatia,0
1948,Cuba,2
1948,Cyprus,0
1948,Czech Republic,20
1948,Denmark,49
1948,Djibouti,0
1948,Dominican Republic,0
1948,Ecuador,0
1948,Egypt,5
1948,Eritrea,0
1948,Estonia,0
1948,Ethiopia,0
1948,Finland,29
1948,France,68
1948,Georgia,0
1948,Germany,0
1948,Ghana,0
1948,Greece,0
1948,Grenada,0
1948,Guatemala,0
1948,Guyana,0
1948,Hong Kong,0
1948,Hungary,60
1948,Iceland,0
1948,India,20
1948,Indonesia,0
1948,Iran,1
1948,Iraq,0
1948,Ireland,0
1948,Israel,0
1948,Italy,63
1948,Ivory Coast,0
1948,Jamaica,3
1948,Japan,0
1948,Kazakhstan,0
1948,Kenya,0
1948,Kuwait,0
1948,Kyrgyzstan,0
1948,Latvia,0
1948,Lithuania,0
1948,Macedonia,0
1948,Malaysia,0
1948,Mauritius,0
1948,Mexico,9
1948,Mongolia,0
1948,Montenegro,0
1948,Morocco,0
1948,Mozambique,0
1948,Namibia,0
1948,Netherlands,42
1948,New Zealand,0
1948,Niger,0
1948,Nigeria,0
1948,North Korea,0
1948,Norway,18
1948,Pakistan,0
1948,Panama,2
1948,Paraguay,0
1948,Peru,1
1948,Philippines,0
1948,Poland,1
1948,Portugal,5
1948,Puerto Rico,1
1948,Qatar,0
1948,Romania,0
1948,Russia,0
1948,Saudi Arabia,0
1948,Senegal,0
1948,Serbia,16
1948,Singapore,0
1948,Slovakia,0
1948,Slovenia,0
1948,South Africa,4
1948,South Korea,2
1948,Spain,3
1948,Sri Lanka,1
1948,Sudan,0
1948,Suriname,0
1948,Sweden,73
1948,Switzerland,32
1948,Syria,0
1948,Taiwan,0
1948,Tajikistan,0
1948,Tanzania,0
1948,Thailand,0
1948,Togo,0
1948,Tonga,0
1948,Trinidad and Tobago,1
1948,Tunisia,0
1948,Turkey,12
1948,Uganda,0
1948,Ukraine,0
1948,United Kingdom,56
1948,United States of America,148
1948,Uruguay,3
1948,Uzbekistan,0
1948,Venezuela,0
1948,Vietnam,0
1948,Virgin Islands,0
1948,Zambia,0
1948,Zimbabwe,0
1952,Afghanistan,0
1952,Algeria,0
1952,Argentina,6
1952,Armenia,0
1952,Australia,20
1952,Austria,3
1952,Azerbaijan,0
1952,Bahamas,0
1952,Bahrain,0
1952,Belarus,0
1952,Belgium,7
1952,Bermuda,0
1952,Botswana,0
1952,Brazil,3
1952,Bulgaria,1
1952,Burundi,0
1952,Cameroon,0
1952,Canada,4
1952,Chile,4
1952,China,0
1952,Colombia,0
1952,Costa Rica,0
1952,Croatia,0
1952,Cuba,0
1952,Cyprus,0
1952,Czech Republic,25
1952,Denmark,9
1952,Djibouti,0
1952,Dominican Republic,0
1952,Ecuador,0
1952,Egypt,1
1952,Eritrea,0
1952,Estonia,0
1952,Ethiopia,0
1952,Finland,40
1952,France,39
1952,Georgia,0
1952,Germany,40
1952,Ghana,0
1952,Greece,0
1952,Grenada,0
1952,Guatemala,0
1952,Guyana,0
1952,Hong Kong,0
1952,Hungary,101
1952,Iceland,0
1952,India,15
1952,Indonesia,0
1952,Iran,7
1952,Iraq,0
1952,Ireland,1
1952,Israel,0
1952,Italy,53
1952,Ivory Coast,0
1952,Jamaica,8
1952,Japan,12
1952,Kazakhstan,0
1952,Kenya,0
1952,Kuwait,0
1952,Kyrgyzstan,0
1952,Latvia,0
1952,Lithuania,0
1952,Macedonia,0
1952,Malaysia,0
1952,Mauritius,0
1952,Mexico,1
1952,Mongolia,0
1952,Montenegro,0
1952,Morocco,0
1952,Mozambique,0
1952,Namibia,0
1952,Netherlands,18
1952,New Zealand,3
1952,Niger,0
1952,Nigeria,0
1952,North Korea,0
1952,Norway,13
1952,Pakistan,0
1952,Panama,0
1952,Paraguay,0
1952,Peru,0
1952,Philippines,0
1952,Poland,4
1952,Portugal,2
1952,Puerto Rico,0
1952,Qatar,0
1952,Romania,4
1952,Russia,117
1952,Saudi Arabia,0
1952,Senegal,0
1952,Serbia,24
1952,Singapore,0
1952,Slovakia,0
1952,Slovenia,0
1952,South Africa,14
1952,South Korea,2
1952,Spain,1
1952,Sri Lanka,0
1952,Sudan,0
1952,Suriname,0
1952,Sweden,70
1952,Switzerland,33
1952,Syria,0
1952,Taiwan,0
1952,Tajikistan,0
1952,Tanzania,0
1952,Thailand,0
1952,Togo,0
1952,Tonga,0
1952,Trinidad and Tobago,2
1952,Tunisia,0
1952,Turkey,3
1952,Uganda,0
1952,Ukraine,0
1952,United Kingdom,31
1952,United States of America,130
1952,Uruguay,14
1952,Uzbekistan,0
1952,Venezuela,1
1952,Vietnam,0
1952,Virgin Islands,0
1952,Zambia,0
1952,Zimbabwe,0
1956,Afghanistan,0
1956,Algeria,0
1956,Argentina,2
1956,Armenia,0
1956,Australia,61
1956,Austria,4
1956,Azerbaijan,0
1956,Bahamas,2
1956,Bahrain,0
1956,Belarus,0
1956,Belgium,2
1956,Bermuda,0
1956,Botswana,0
1956,Brazil,1
1956,Bulgaria,18
1956,Burundi,0
1956,Cameroon,0
1956,Canada,19
1956,Chile,4
1956,China,0
1956,Colombia,0
1956,Costa Rica,0
1956,Croatia,0
1956,Cuba,0
1956,Cyprus,0
1956,Czech Republic,7
1956,Denmark,7
1956,Djibouti,0
1956,Dominican Republic,0
1956,Ecuador,0
1956,Egypt,0
1956,Eritrea,0
1956,Estonia,0
1956,Ethiopia,0
1956,Finland,26
1956,France,32
1956,Georgia,0
1956,Germany,57
1956,Ghana,0
1956,Greece,1
1956,Grenada,0
1956,Guatemala,0
1956,Guyana,0
1956,Hong Kong,0
1956,Hungary,64
1956,Iceland,1
1956,India,17
1956,Indonesia,0
1956,Iran,5
1956,Iraq,0
1956,Ireland,5
1956,Israel,0
1956,Italy,46
1956,Ivory Coast,0
1956,Jamaica,0
1956,Japan,24
1956,Kazakhstan,0
1956,Kenya,0
1956,Kuwait,0
1956,Kyrgyzstan,0
1956,Latvia,0
1956,Lithuania,0
1956,Macedonia,0
1956,Malaysia,0
1956,Mauritius,0
1956,Mexico,2
1956,Mongolia,0
1956,Montenegro,0
1956,Morocco,0
1956,Mozambique,0
1956,Namibia,0
1956,Netherlands,0
1956,New Zealand,3
1956,Niger,0
1956,Nigeria,0
1956,North Korea,0
1956,Norway,3
1956,Pakistan,14
1956,Panama,0
1956,Paraguay,0
1956,Peru,0
1956,Philippines,0
1956,Poland,19
1956,Portugal,0
1956,Puerto Rico,0
1956,Qatar,0
1956,Romania,19
1956,Russia,169
1956,Saudi Arabia,0
1956,Senegal,0
1956,Serbia,23
1956,Singapore,0
1956,Slovakia,0
1956,Slovenia,0
1956,South Africa,7
1956,South Korea,2
1956,Spain,0
1956,Sri Lanka,0
1956,Sudan,0
1956,Suriname,0
1956,Sweden,34
1956,Switzerland,3
1956,Syria,0
1956,Taiwan,0
1956,Tajikistan,0
1956,Tanzania,0
1956,Thailand,0
1956,Togo,0
1956,Tonga,0
1956,Trinidad and Tobago,0
1956,Tunisia,0
1956,Turkey,7
1956,Uganda,0
1956,Ukraine,0
1956,United Kingdom,45
1956,United States of America,118
1956,Uruguay,12
1956,Uzbekistan,0
1956,Venezuela,0
1956,Vietnam,0
1956,Virgin Islands,0
1956,Zambia,0
1956,Zimbabwe,0
1960,Afghanistan,0
1960,Algeria,0
1960,Argentina,4
1960,Armenia,0
1960,Australia,36
1960,Austria,3
1960,Azerbaijan,0
1960,Bahamas,0
1960,Bahrain,0
1960,Belarus,0
1960,Belgium,4
1960,Bermuda,0
1960,Botswana,0
1960,Brazil,13
1960,Bulgaria,7
1960,Burundi,0
1960,Cameroon,0
1960,Canada,9
1960,Chile,0
1960,China,0
1960,Colombia,0
1960,Costa Rica,0
1960,Croatia,0
1960,Cuba,0
1960,Cyprus,0
1960,Czech Republic,22
1960,Denmark,23
1960,Djibouti,0
1960,Dominican Republic,0
1960,Ecuador,0
1960,Egypt,2
1960,Eritrea,0
1960,Estonia,0
1960,Ethiopia,1
1960,Finland,6
1960,France,11
1960,Georgia,0
1960,Germany,88
1960,Ghana,1
1960,Greece,3
1960,Grenada,0
1960,Guatemala,0
1960,Guyana,0
1960,Hong Kong,0
1960,Hungary,65
1960,Iceland,0
1960,India,13
1960,Indonesia,0
1960,Iran,4
1960,Iraq,1
1960,Ireland,0
1960,Israel,0
1960,Italy,88
1960,Ivory Coast,0
1960,Jamaica,0
1960,Japan,29
1960,Kazakhstan,0
1960,Kenya,0
1960,Kuwait,0
1960,Kyrgyzstan,0
1960,Latvia,0
1960,Lithuania,0
1960,Macedonia,0
1960,Malaysia,0
1960,Mauritius,0
1960,Mexico,1
1960,Mongolia,0
1960,Montenegro,0
1960,Morocco,1
1960,Mozambique,0
1960,Namibia,0
1960,Netherlands,3
1960,New Zealand,3
1960,Niger,0
1960,Nigeria,0
1960,North Korea,0
1960,Norway,2
1960,Pakistan,14
1960,Panama,0
1960,Paraguay,0
1960,Peru,0
1960,Philippines,0
1960,Poland,30
1960,Portugal,2
1960,Puerto Rico,0
1960,Qatar,0
1960,Romania,15
1960,Russia,169
1960,Saudi Arabia,0
1960,Senegal,0
1960,Serbia,17
1960,Singapore,1
1960,Slovakia,0
1960,Slovenia,0
1960,South Africa,3
1960,South Korea,0
1960,Spain,14
1960,Sri Lanka,0
1960,Sudan,0
1960,Suriname,0
1960,Sweden,7
1960,Switzerland,11
1960,Syria,0
1960,Taiwan,1
1960,Tajikistan,0
1960,Tanzania,0
1960,Thailand,0
1960,Togo,0
1960,Tonga,0
1960,Trinidad and Tobago,0
1960,Tunisia,0
1960,Turkey,9
1960,Uganda,0
1960,Ukraine,0
1960,United Kingdom,28
1960,United States of America,112
1960,Uruguay,0
1960,Uzbekistan,0
1960,Venezuela,1
1960,Vietnam,0
1960,Virgin Islands,0
1960,Zambia,0
1960,Zimbabwe,0
1964,Afghanistan,0
1964,Algeria,0
1964,Argentina,1
1964,Armenia,0
1964,Australia,42
1964,Austria,0
1964,Azerbaijan,0
1964,Bahamas,2
1964,Bahrain,0
1964,Belarus,0
1964,Belgium,3
1964,Bermuda,0
1964,Botswana,0
1964,Brazil,12
1964,Bulgaria,10
1964,Burundi,0
1964,Cameroon,0
1964,Canada,5
1964,Chile,0
1964,China,0
1964,Colombia,0
1964,Costa Rica,0
1964,Croatia,0
1964,Cuba,1
1964,Cyprus,0
1964,Czech Republic,55
1964,Denmark,12
1964,Djibouti,0
1964,Dominican Republic,0
1964,Ecuador,0
1964,Egypt,0
1964,Eritrea,0
1964,Estonia,0
1964,Ethiopia,1
1964,Finland,5
1964,France,31
1964,Georgia,0
1964,Germany,115
1964,Ghana,1
1964,Greece,0
1964,Grenada,0
1964,Guatemala,0
1964,Guyana,0
1964,Hong Kong,0
1964,Hungary,56
1964,Iceland,0
1964,India,15
1964,Indonesia,0
1964,Iran,2
1964,Iraq,0
1964,Ireland,1
1964,Israel,0
1964,Italy,50
1964,Ivory Coast,0
1964,Jamaica,0
1964,Japan,64
1964,Kazakhstan,0
1964,Kenya,1
1964,Kuwait,0
1964,Kyrgyzstan,0
1964,Latvia,0
1964,Lithuania,0
1964,Macedonia,0
1964,Malaysia,0
1964,Mauritius,0
1964,Mexico,1
1964,Mongolia,0
1964,Montenegro,0
1964,Morocco,0
1964,Mozambique,0
1964,Namibia,0
1964,Netherlands,30
1964,New Zealand,6
1964,Niger,0
1964,Nigeria,1
1964,North Korea,0
1964,Norway,0
1964,Pakistan,16
1964,Panama,0
1964,Paraguay,0
1964,Peru,0
1964,Philippines,1
1964,Poland,48
1964,Portugal,0
1964,Puerto Rico,0
1964,Qatar,0
1964,Romania,16
1964,Russia,174
1964,Saudi Arabia,0
1964,Senegal,0
1964,Serbia,15
1964,Singapore,0
1964,Slovakia,0
1964,Slovenia,0
1964,South Africa,0
1964,South Korea,3
1964,Spain,0
1964,Sri Lanka,0
1964,Sudan,0
1964,Suriname,0
1964,Sweden,15
1964,Switzerland,6
1964,Syria,0
1964,Taiwan,0
1964,Tajikistan,0
1964,Tanzania,0
1964,Thailand,0
1964,Togo,0
1964,Tonga,0
1964,Trinidad and Tobago,6
1964,Tunisia,2
1964,Turkey,6
1964,Uganda,0
1964,Ukraine,0
1964,United Kingdom,28
1964,United States of America,150
1964,Uruguay,1
1964,Uzbekistan,0
1964,Venezuela,0
1964,Vietnam,0
1964,Virgin Islands,0
1964,Zambia,0
1964,Zimbabwe,0
1968,Afghanistan,0
1968,Algeria,0
1968,Argentina,2
1968,Armenia,0
1968,Australia,49
1968,Austria,5
1968,Azerbaijan,0
1968,Bahamas,0
1968,Bahrain,0
1968,Belarus,0
1968,Belgium,3
1968,Bermuda,0
1968,Botswana,0
1968,Brazil,4
1968,Bulgaria,26
1968,Burundi,0
1968,Cameroon,1
1968,Canada,10
1968,Chile,0
1968,China,0
1968,Colombia,0
1968,Costa Rica,0
1968,Croatia,0
1968,Cuba,10
1968,Cyprus,0
1968,Czech Republic,29
1968,Denmark,16
1968,Djibouti,0
1968,Dominican Republic,0
1968,Ecuador,0
1968,Egypt,0
1968,Eritrea,0
1968,Estonia,0
1968,Ethiopia,2
1968,Finland,4
1968,France,27
1968,Georgia,0
1968,Germany,100
1968,Ghana,0
1968,Greece,1
1968,Grenada,0
1968,Guatemala,0
1968,Guyana,0
1968,Hong Kong,0
1968,Hungary,81
1968,Iceland,0
1968,India,15
1968,Indonesia,0
1968,Iran,5
1968,Iraq,0
1968,Ireland,0
1968,Israel,0
1968,Italy,32
1968,Ivory Coast,0
1968,Jamaica,1
1968,Japan,67
1968,Kazakhstan,0
1968,Kenya,12
1968,Kuwait,0
1968,Kyrgyzstan,0
1968,Latvia,0
1968,Lithuania,0
1968,Macedonia,0
1968,Malaysia,0
1968,Mauritius,0
1968,Mexico,9
1968,Mongolia,4
1968,Montenegro,0
1968,Morocco,0
1968,Mozambique,0
1968,Namibia,0
1968,Netherlands,14
1968,New Zealand,7
1968,Niger,0
1968,Nigeria,0
1968,North Korea,0
1968,Norway,6
1968,Pakistan,13
1968,Panama,0
1968,Paraguay,0
1968,Peru,0
1968,Philippines,0
1968,Poland,37
1968,Portugal,0
1968,Puerto Rico,0
1968,Qatar,0
1968,Romania,23
1968,Russia,188
1968,Saudi Arabia,0
1968,Senegal,0
1968,Serbia,29
1968,Singapore,0
1968,Slovakia,0
1968,Slovenia,0
1968,South Africa,0
1968,South Korea,2
1968,Spain,0
1968,Sri Lanka,0
1968,Sudan,0
1968,Suriname,0
1968,Sweden,9
1968,Switzerland,13
1968,Syria,0
1968,Taiwan,1
1968,Tajikistan,0
1968,Tanzania,0
1968,Thailand,0
1968,Togo,0
1968,Tonga,0
1968,Trinidad and Tobago,0
1968,Tunisia,2
1968,Turkey,2
1968,Uganda,2
1968,Ukraine,0
1968,United Kingdom,18
1968,United States of America,149
1968,Uruguay,0
1968,Uzbekistan,0
1968,Venezuela,1
1968,Vietnam,0
1968,Virgin Islands,0
1968,Zambia,0
1968,Zimbabwe,0
1972,Afghanistan,0
1972,Algeria,0
1972,Argentina,1
1972,Armenia,0
1972,Australia,20
1972,Austria,3
1972,Azerbaijan,0
1972,Bahamas,0
1972,Bahrain,0
1972,Belarus,0
1972,Belgium,2
1972,Bermuda,0
1972,Botswana,0
1972,Brazil,2
1972,Bulgaria,22
1972,Burundi,0
1972,Cameroon,0
1972,Canada,10
1972,Chile,0
1972,China,0
1972,Colombia,3
1972,Costa Rica,0
1972,Croatia,0
1972,Cuba,22
1972,Cyprus,0
1972,Czech Republic,29
1972,Denmark,1
1972,Djibouti,0
1972,Dominican Republic,0
1972,Ecuador,0
1972,Egypt,0
1972,Eritrea,0
1972,Estonia,0
1972,Ethiopia,2
1972,Finland,10
1972,France,22
1972,Georgia,0
1972,Germany,244
1972,Ghana,1
1972,Greece,2
1972,Grenada,0
1972,Guatemala,0
1972,Guyana,0
1972,Hong Kong,0
1972,Hungary,81
1972,Iceland,0
1972,India,14
1972,Indonesia,0
1972,Iran,3
1972,Iraq,0
1972,Ireland,0
1972,Israel,0
1972,Italy,25
1972,Ivory Coast,0
1972,Jamaica,1
1972,Japan,56
1972,Kazakhstan,0
1972,Kenya,12
1972,Kuwait,0
1972,Kyrgyzstan,0
1972,Latvia,0
1972,Lithuania,0
1972,Macedonia,0
1972,Malaysia,0
1972,Mauritius,0
1972,Mexico,1
1972,Mongolia,1
1972,Montenegro,0
1972,Morocco,0
1972,Mozambique,0
1972,Namibia,0
1972,Netherlands,6
1972,New Zealand,14
1972,Niger,1
1972,Nigeria,1
1972,North Korea,15
1972,Norway,8
1972,Pakistan,15
1972,Panama,0
1972,Paraguay,0
1972,Peru,0
1972,Philippines,0
1972,Poland,46
1972,Portugal,0
1972,Puerto Rico,0
1972,Qatar,0
1972,Romania,40
1972,Russia,211
1972,Saudi Arabia,0
1972,Senegal,0
1972,Serbia,18
1972,Singapore,0
1972,Slovakia,0
1972,Slovenia,0
1972,South Africa,0
1972,South Korea,1
1972,Spain,1
1972,Sri Lanka,0
1972,Sudan,0
1972,Suriname,0
1972,Sweden,21
1972,Switzerland,8
1972,Syria,0
1972,Taiwan,0
1972,Tajikistan,0
1972,Tanzania,0
1972,Thailand,0
1972,Togo,0
1972,Tonga,0
1972,Trinidad and Tobago,0
1972,Tunisia,1
1972,Turkey,1
1972,Uganda,2
1972,Ukraine,0
1972,United Kingdom,29
1972,United States of America,155
1972,Uruguay,0
1972,Uzbekistan,0
1972,Venezuela,0
1972,Vietnam,0
1972,Virgin Islands,0
1972,Zambia,0
1972,Zimbabwe,0
1976,Afghanistan,0
1976,Algeria,0
1976,Argentina,0
1976,Armenia,0
1976,Australia,24
1976,Austria,1
1976,Azerbaijan,0
1976,Bahamas,0
1976,Bahrain,0
1976,Belarus,0
1976,Belgium,9
1976,Bermuda,1
1976,Botswana,0
1976,Brazil,3
1976,Bulgaria,39
1976,Burundi,0
1976,Cameroon,0
1976,Canada,20
1976,Chile,0
1976,China,0
1976,Colombia,0
1976,Costa Rica,0
1976,Croatia,0
1976,Cuba,24
1976,Cyprus,0
1976,Czech Republic,15
1976,Denmark,8
1976,Djibouti,0
1976,Dominican Republic,0
1976,Ecuador,0
1976,Egypt,0
1976,Eritrea,0
1976,Estonia,0
1976,Ethiopia,0
1976,Finland,6
1976,France,20
1976,Georgia,0
1976,Germany,267
1976,Ghana,0
1976,Greece,0
1976,Grenada,0
1976,Guatemala,0
1976,Guyana,0
1976,Hong Kong,0
1976,Hungary,55
1976,Iceland,0
1976,India,0
1976,Indonesia,0
1976,Iran,2
1976,Iraq,0
1976,Ireland,0
1976,Israel,0
1976,Italy,31
1976,Ivory Coast,0
1976,Jamaica,2
1976,Japan,41
1976,Kazakhstan,0
1976,Kenya,0
1976,Kuwait,0
1976,Kyrgyzstan,0
1976,Latvia,0
1976,Lithuania,0
1976,Macedonia,0
1976,Malaysia,0
1976,Mauritius,0
1976,Mexico,2
1976,Mongolia,1
1976,Montenegro,0
1976,Morocco,0
1976,Mozambique,0
1976,Namibia,0
1976,Netherlands,15
1976,New Zealand,27
1976,Niger,0
1976,Nigeria,0
1976,North Korea,2
1976,Norway,6
1976,Pakistan,16
1976,Panama,0
1976,Paraguay,0
1976,Peru,0
1976,Philippines,0
1976,Poland,73
1976,Portugal,2
1976,Puerto Rico,1
1976,Qatar,0
1976,Romania,55
1976,Russia,285
1976,Saudi Arabia,0
1976,Senegal,0
1976,Serbia,19
1976,Singapore,0
1976,Slovakia,0
1976,Slovenia,0
1976,South Africa,0
1976,South Korea,17
1976,Spain,6
1976,Sri Lanka,0
1976,Sudan,0
1976,Suriname,0
1976,Sweden,10
1976,Switzerland,10
1976,Syria,0
1976,Taiwan,0
1976,Tajikistan,0
1976,Tanzania,0
1976,Thailand,1
1976,Togo,0
1976,Tonga,0
1976,Trinidad and Tobago,1
1976,Tunisia,0
1976,Turkey,0
1976,Uganda,0
1976,Ukraine,0
1976,United Kingdom,32
1976,United States of America,155
1976,Uruguay,0
1976,Uzbekistan,0
1976,Venezuela,1
1976,Vietnam,0
1976,Virgin Islands,0
1976,Zambia,0
1976,Zimbabwe,0
1980,Afghanistan,0
1980,Algeria,0
1980,Argentina,0
1980,Armenia,0
1980,Australia,12
1980,Austria,5
1980,Azerbaijan,0
1980,Bahamas,0
1980,Bahrain,0
1980,Belarus,0
1980,Belgium,1
1980,Bermuda,0
1980,Botswana,0
1980,Brazil,9
1980,Bulgaria,94
1980,Burundi,0
1980,Cameroon,0
1980,Canada,0
1980,Chile,0
1980,China,0
1980,Colombia,0
1980,Costa Rica,0
1980,Croatia,0
1980,Cuba,20
1980,Cyprus,0
1980,Czech Republic,52
1980,Denmark,8
1980,Djibouti,0
1980,Dominican Republic,0
1980,Ecuador,0
1980,Egypt,0
1980,Eritrea,0
1980,Estonia,0
1980,Ethiopia,4
1980,Finland,9
1980,France,29
1980,Georgia,0
1980,Germany,260
1980,Ghana,0
1980,Greece,5
1980,Grenada,0
1980,Guatemala,0
1980,Guyana,1
1980,Hong Kong,0
1980,Hungary,61
1980,Iceland,0
1980,India,16
1980,Indonesia,0
1980,Iran,0
1980,Iraq,0
1980,Ireland,3
1980,Israel,0
1980,Italy,37
1980,Ivory Coast,0
1980,Jamaica,3
1980,Japan,0
1980,Kazakhstan,0
1980,Kenya,0
1980,Kuwait,0
1980,Kyrgyzstan,0
1980,Latvia,0
1980,Lithuania,0
1980,Macedonia,0
1980,Malaysia,0
1980,Mauritius,0
1980,Mexico,12
1980,Mongolia,4
1980,Montenegro,0
1980,Morocco,0
1980,Mozambique,0
1980,Namibia,0
1980,Netherlands,6
1980,New Zealand,0
1980,Niger,0
1980,Nigeria,0
1980,North Korea,5
1980,Norway,0
1980,Pakistan,0
1980,Panama,0
1980,Paraguay,0
1980,Peru,0
1980,Philippines,0
1980,Poland,50
1980,Portugal,0
1980,Puerto Rico,0
1980,Qatar,0
1980,Romania,72
1980,Russia,442
1980,Saudi Arabia,0
1980,Senegal,0
1980,Serbia,57
1980,Singapore,0
1980,Slovakia,0
1980,Slovenia,0
1980,South Africa,0
1980,South Korea,0
1980,Spain,24
1980,Sri Lanka,0
1980,Sudan,0
1980,Suriname,0
1980,Sweden,18
1980,Switzerland,2
1980,Syria,0
1980,Taiwan,0
1980,Tajikistan,0
1980,Tanzania,2
1980,Thailand,0
1980,Togo,0
1980,Tonga,0
1980,Trinidad and Tobago,0
1980,Tunisia,0
1980,Turkey,0
1980,Uganda,1
1980,Ukraine,0
1980,United Kingdom,45
1980,United States of America,0
1980,Uruguay,0
1980,Uzbekistan,0
1980,Venezuela,1
1980,Vietnam,0
1980,Virgin Islands,0
1980,Zambia,0
1980,Zimbabwe,16
1984,Afghanistan,0
1984,Algeria,2
1984,Argentina,0
1984,Armenia,0
1984,Australia,50
1984,Austria,3
1984,Azerbaijan,0
1984,Bahamas,0
1984,Bahrain,0
1984,Belarus,0
1984,Belgium,5
1984,Bermuda,0
1984,Botswana,0
1984,Brazil,37
1984,Bulgaria,0
1984,Burundi,0
1984,Cameroon,1
1984,Canada,86
1984,Chile,0
1984,China,76
1984,Colombia,1
1984,Costa Rica,0
1984,Croatia,0
1984,Cuba,0
1984,Cyprus,0
1984,Czech Republic,0
1984,Denmark,15
1984,Djibouti,0
1984,Dominican Republic,1
1984,Ecuador,0
1984,Egypt,1
1984,Eritrea,0
1984,Estonia,0
1984,Ethiopia,0
1984,Finland,12
1984,France,68
1984,Georgia,0
1984,Germany,157
1984,Ghana,0
1984,Greece,2
1984,Grenada,0
1984,Guatemala,0
1984,Guyana,0
1984,Hong Kong,0
1984,Hungary,0
1984,Iceland,1
1984,India,0
1984,Indonesia,0
1984,Iran,0
1984,Iraq,0
1984,Ireland,1
1984,Israel,0
1984,Italy,63
1984,Ivory Coast,1
1984,Jamaica,6
1984,Japan,49
1984,Kazakhstan,0
1984,Kenya,3
1984,Kuwait,0
1984,Kyrgyzstan,0
1984,Latvia,0
1984,Lithuania,0
1984,Macedonia,0
1984,Malaysia,0
1984,Mauritius,0
1984,Mexico,6
1984,Mongolia,0
1984,Montenegro,0
1984,Morocco,2
1984,Mozambique,0
1984,Namibia,0
1984,Netherlands,40
1984,New Zealand,23
1984,Niger,0
1984,Nigeria,5
1984,North Korea,0
1984,Norway,4
1984,Pakistan,16
1984,Panama,0
1984,Paraguay,0
1984,Peru,1
1984,Philippines,0
1984,Poland,0
1984,Portugal,3
1984,Puerto Rico,2
1984,Qatar,0
1984,Romania,106
1984,Russia,0
1984,Saudi Arabia,0
1984,Senegal,0
1984,Serbia,87
1984,Singapore,0
1984,Slovakia,0
1984,Slovenia,0
1984,South Africa,0
1984,South Korea,42
1984,Spain,19
1984,Sri Lanka,0
1984,Sudan,0
1984,Suriname,0
1984,Sweden,32
1984,Switzerland,15
1984,Syria,1
1984,Taiwan,1
1984,Tajikistan,0
1984,Tanzania,0
1984,Thailand,1
1984,Togo,0
1984,Tonga,0
1984,Trinidad and Tobago,0
1984,Tunisia,0
1984,Turkey,3
1984,Uganda,0
1984,Ukraine,0
1984,United Kingdom,72
1984,United States of America,333
1984,Uruguay,0
1984,Uzbekistan,0
1984,Venezuela,3
1984,Vietnam,0
1984,Virgin Islands,0
1984,Zambia,1
1984,Zimbabwe,0
1988,Afghanistan,0
1988,Algeria,0
1988,Argentina,13
1988,Armenia,0
1988,Australia,34
1988,Austria,1
1988,Azerbaijan,0
1988,Bahamas,0
1988,Bahrain,0
1988,Belarus,0
1988,Belgium,2
1988,Bermuda,0
1988,Botswana,0
1988,Brazil,28
1988,Bulgaria,41
1988,Burundi,0
1988,Cameroon,0
1988,Canada,21
1988,Chile,1
1988,China,53
1988,Colombia,1
1988,Costa Rica,1
1988,Croatia,0
1988,Cuba,0
1988,Cyprus,0
1988,Czech Republic,10
1988,Denmark,7
1988,Djibouti,1
1988,Dominican Republic,0
1988,Ecuador,0
1988,Egypt,0
1988,Eritrea,0
1988,Estonia,0
1988,Ethiopia,0
1988,Finland,4
1988,France,29
1988,Georgia,0
1988,Germany,287
1988,Ghana,0
1988,Greece,1
1988,Grenada,0
1988,Guatemala,0
1988,Guyana,0
1988,Hong Kong,0
1988,Hungary,44
1988,Iceland,0
1988,India,0
1988,Indonesia,3
1988,Iran,1
1988,Iraq,0
1988,Ireland,0
1988,Israel,0
1988,Italy,29
1988,Ivory Coast,0
1988,Jamaica,5
1988,Japan,20
1988,Kazakhstan,0
1988,Kenya,9
1988,Kuwait,0
1988,Kyrgyzstan,0
1988,Latvia,0
1988,Lithuania,0
1988,Macedonia,0
1988,Malaysia,0
1988,Mauritius,0
1988,Mexico,2
1988,Mongolia,1
1988,Montenegro,0
1988,Morocco,3
1988,Mozambique,0
1988,Namibia,0
1988,Netherlands,44
1988,New Zealand,24
1988,Niger,0
1988,Nigeria,0
1988,North Korea,0
1988,Norway,23
1988,Pakistan,1
1988,Panama,0
1988,Paraguay,0
1988,Peru,12
1988,Philippines,1
1988,Poland,21
1988,Portugal,1
1988,Puerto Rico,0
1988,Qatar,0
1988,Romania,51
1988,Russia,294
1988,Saudi Arabia,0
1988,Senegal,1
1988,Serbia,63
1988,Singapore,0
1988,Slovakia,0
1988,Slovenia,0
1988,South Africa,0
1988,South Korea,77
1988,Spain,5
1988,Sri Lanka,0
1988,Sudan,0
1988,Suriname,1
1988,Sweden,16
1988,Switzerland,8
1988,Syria,0
1988,Taiwan,0
1988,Tajikistan,0
1988,Tanzania,0
1988,Thailand,1
1988,Togo,0
1988,Tonga,0
1988,Trinidad and Tobago,0
1988,Tunisia,0
1988,Turkey,2
1988,Uganda,0
1988,Ukraine,0
1988,United Kingdom,53
1988,United States of America,193
1988,Uruguay,0
1988,Uzbekistan,0
1988,Venezuela,0
1988,Vietnam,0
1988,Virgin Islands,1
1988,Zambia,0
1988,Zimbabwe,0
1992,Afghanistan,0
1992,Algeria,2
1992,Argentina,2
1992,Armenia,0
1992,Australia,57
1992,Austria,6
1992,Azerbaijan,0
1992,Bahamas,1
1992,Bahrain,0
1992,Belarus,0
1992,Belgium,3
1992,Bermuda,0
1992,Botswana,0
1992,Brazil,14
1992,Bulgaria,17
1992,Burundi,0
1992,Cameroon,0
1992,Canada,44
1992,Chile,0
1992,China,83
1992,Colombia,1
1992,Costa Rica,0
1992,Croatia,15
1992,Cuba,71
1992,Cyprus,0
1992,Czech Republic,8
1992,Denmark,14
1992,Djibouti,0
1992,Dominican Republic,0
1992,Ecuador,0
1992,Egypt,0
1992,Eritrea,0
1992,Estonia,3
1992,Ethiopia,3
1992,Finland,7
1992,France,57
1992,Georgia,0
1992,Germany,198
1992,Ghana,13
1992,Greece,2
1992,Grenada,0
1992,Guatemala,0
1992,Guyana,0
1992,Hong Kong,0
1992,Hungary,45
1992,Iceland,0
1992,India,0
1992,Indonesia,6
1992,Iran,3
1992,Iraq,0
1992,Ireland,2
1992,Israel,2
1992,Italy,46
1992,Ivory Coast,0
1992,Jamaica,4
1992,Japan,47
1992,Kazakhstan,0
1992,Kenya,8
1992,Kuwait,0
1992,Kyrgyzstan,0
1992,Latvia,3
1992,Lithuania,13
1992,Macedonia,0
1992,Malaysia,2
1992,Mauritius,0
1992,Mexico,1
1992,Mongolia,2
1992,Montenegro,0
1992,Morocco,3
1992,Mozambique,0
1992,Namibia,2
1992,Netherlands,33
1992,New Zealand,15
1992,Niger,0
1992,Nigeria,11
1992,North Korea,10
1992,Norway,23
1992,Pakistan,16
1992,Panama,0
1992,Paraguay,0
1992,Peru,1
1992,Philippines,1
1992,Poland,42
1992,Portugal,0
1992,Puerto Rico,1
1992,Qatar,1
1992,Romania,53
1992,Russia,0
1992,Saudi Arabia,0
1992,Senegal,0
1992,Serbia,0
1992,Singapore,0
1992,Slovakia,0
1992,Slovenia,6
1992,South Africa,3
1992,South Korea,49
1992,Spain,66
1992,Sri Lanka,0
1992,Sudan,0
1992,Suriname,1
1992,Sweden,35
1992,Switzerland,1
1992,Syria,0
1992,Taiwan,20
1992,Tajikistan,0
1992,Tanzania,0
1992,Thailand,1
1992,Togo,0
1992,Tonga,0
1992,Trinidad and Tobago,0
1992,Tunisia,0
1992,Turkey,6
1992,Uganda,0
1992,Ukraine,0
1992,United Kingdom,50
1992,United States of America,224
1992,Uruguay,0
1992,Uzbekistan,0
1992,Venezuela,0
1992,Vietnam,0
1992,Virgin Islands,0
1992,Zambia,0
1992,Zimbabwe,0
1996,Afghanistan,0
1996,Algeria,3
1996,Argentina,20
1996,Armenia,2
1996,Australia,132
1996,Austria,3
1996,Azerbaijan,1
1996,Bahamas,5
1996,Bahrain,0
1996,Belarus,23
1996,Belgium,6
1996,Bermuda,0
1996,Botswana,0
1996,Brazil,64
1996,Bulgaria,21
1996,Burundi,1
1996,Cameroon,0
1996,Canada,51
1996,Chile,0
1996,China,110
1996,Colombia,0
1996,Costa Rica,1
1996,Croatia,29
1996,Cuba,57
1996,Cyprus,0
1996,Czech Republic,13
1996,Denmark,24
1996,Djibouti,0
1996,Dominican Republic,0
1996,Ecuador,1
1996,Egypt,0
1996,Eritrea,0
1996,Estonia,0
1996,Ethiopia,3
1996,Finland,4
1996,France,51
1996,Georgia,2
1996,Germany,124
1996,Ghana,0
1996,Greece,8
1996,Grenada,0
1996,Guatemala,0
1996,Guyana,0
1996,Hong Kong,1
1996,Hungary,43
1996,Iceland,0
1996,India,1
1996,Indonesia,6
1996,Iran,3
1996,Iraq,0
1996,Ireland,4
1996,Israel,1
1996,Italy,71
1996,Ivory Coast,0
1996,Jamaica,16
1996,Japan,43
1996,Kazakhstan,11
1996,Kenya,8
1996,Kuwait,0
1996,Kyrgyzstan,0
1996,Latvia,1
1996,Lithuania,12
1996,Macedonia,0
1996,Malaysia,3
1996,Mauritius,0
1996,Mexico,1
1996,Mongolia,1
1996,Montenegro,0
1996,Morocco,2
1996,Mozambique,1
1996,Namibia,2
1996,Netherlands,73
1996,New Zealand,9
1996,Niger,0
1996,Nigeria,26
1996,North Korea,5
1996,Norway,25
1996,Pakistan,0
1996,Panama,0
1996,Paraguay,0
1996,Peru,0
1996,Philippines,1
1996,Poland,21
1996,Portugal,3
1996,Puerto Rico,1
1996,Qatar,0
1996,Romania,38
1996,Russia,115
1996,Saudi Arabia,0
1996,Senegal,0
1996,Serbia,26
1996,Singapore,0
1996,Slovakia,3
1996,Slovenia,2
1996,South Africa,5
1996,South Korea,66
1996,Spain,67
1996,Sri Lanka,0
1996,Sudan,0
1996,Suriname,0
1996,Sweden,31
1996,Switzerland,11
1996,Syria,1
1996,Taiwan,1
1996,Tajikistan,0
1996,Tanzania,0
1996,Thailand,2
1996,Togo,0
1996,Tonga,1
1996,Trinidad and Tobago,2
1996,Tunisia,1
1996,Turkey,6
1996,Uganda,1
1996,Ukraine,34
1996,United Kingdom,26
1996,United States of America,260
1996,Uruguay,0
1996,Uzbekistan,2
1996,Venezuela,0
1996,Vietnam,0
1996,Virgin Islands,0
1996,Zambia,1
1996,Zimbabwe,0
2000,Afghanistan,0
2000,Algeria,5
2000,Argentina,20
2000,Armenia,1
2000,Australia,183
2000,Austria,4
2000,Azerbaijan,3
2000,Bahamas,6
2000,Bahrain,0
2000,Belarus,22
2000,Belgium,7
2000,Bermuda,0
2000,Botswana,0
2000,Brazil,48
2000,Bulgaria,13
2000,Burundi,0
2000,Cameroon,18
2000,Canada,31
2000,Chile,18
2000,China,79
2000,Colombia,1
2000,Costa Rica,2
2000,Croatia,10
2000,Cuba,69
2000,Cyprus,0
2000,Czech Republic,9
2000,Denmark,25
2000,Djibouti,0
2000,Dominican Republic,0
2000,Ecuador,0
2000,Egypt,0
2000,Eritrea,0
2000,Estonia,3
2000,Ethiopia,8
2000,Finland,5
2000,France,66
2000,Georgia,6
2000,Germany,119
2000,Ghana,0
2000,Greece,18
2000,Grenada,0
2000,Guatemala,0
2000,Guyana,0
2000,Hong Kong,0
2000,Hungary,53
2000,Iceland,1
2000,India,1
2000,Indonesia,8
2000,Iran,4
2000,Iraq,0
2000,Ireland,1
2000,Israel,1
2000,Italy,65
2000,Ivory Coast,0
2000,Jamaica,23
2000,Japan,43
2000,Kazakhstan,7
2000,Kenya,7
2000,Kuwait,1
2000,Kyrgyzstan,1
2000,Latvia,3
2000,Lithuania,17
2000,Macedonia,1
2000,Malaysia,0
2000,Mauritius,0
2000,Mexico,6
2000,Mongolia,0
2000,Montenegro,0
2000,Morocco,5
2000,Mozambique,1
2000,Namibia,0
2000,Netherlands,79
2000,New Zealand,4
2000,Niger,0
2000,Nigeria,8
2000,North Korea,4
2000,Norway,44
2000,Pakistan,0
2000,Panama,0
2000,Paraguay,0
2000,Peru,0
2000,Philippines,0
2000,Poland,24
2000,Portugal,2
2000,Puerto Rico,0
2000,Qatar,1
2000,Romania,46
2000,Russia,188
2000,Saudi Arabia,2
2000,Senegal,0
2000,Serbia,26
2000,Singapore,0
2000,Slovakia,6
2000,Slovenia,3
2000,South Africa,5
2000,South Korea,73
2000,Spain,43
2000,Sri Lanka,1
2000,Sudan,0
2000,Suriname,0
2000,Sweden,32
2000,Switzerland,14
2000,Syria,0
2000,Taiwan,5
2000,Tajikistan,0
2000,Tanzania,0
2000,Thailand,3
2000,Togo,0
2000,Tonga,0
2000,Trinidad and Tobago,2
2000,Tunisia,0
2000,Turkey,5
2000,Uganda,0
2000,Ukraine,35
2000,United Kingdom,55
2000,United States of America,248
2000,Uruguay,1
2000,Uzbekistan,4
2000,Venezuela,0
2000,Vietnam,1
2000,Virgin Islands,0
2000,Zambia,0
2000,Zimbabwe,0
2004,Afghanistan,0
2004,Algeria,0
2004,Argentina,47
2004,Armenia,0
2004,Australia,157
2004,Austria,8
2004,Azerbaijan,5
2004,Bahamas,2
2004,Bahrain,0
2004,Belarus,17
2004,Belgium,3
2004,Bermuda,0
2004,Botswana,0
2004,Brazil,40
2004,Bulgaria,17
2004,Burundi,0
2004,Cameroon,1
2004,Canada,17
2004,Chile,4
2004,China,94
2004,Colombia,2
2004,Costa Rica,0
2004,Croatia,20
2004,Cuba,61
2004,Cyprus,0
2004,Czech Republic,12
2004,Denmark,29
2004,Djibouti,0
2004,Dominican Republic,1
2004,Ecuador,0
2004,Egypt,5
2004,Eritrea,1
2004,Estonia,3
2004,Ethiopia,7
2004,Finland,2
2004,France,53
2004,Georgia,4
2004,Germany,149
2004,Ghana,0
2004,Greece,31
2004,Grenada,0
2004,Guatemala,0
2004,Guyana,0
2004,Hong Kong,2
2004,Hungary,40
2004,Iceland,0
2004,India,1
2004,Indonesia,5
2004,Iran,6
2004,Iraq,0
2004,Ireland,0
2004,Israel,2
2004,Italy,102
2004,Ivory Coast,0
2004,Jamaica,13
2004,Japan,94
2004,Kazakhstan,8
2004,Kenya,7
2004,Kuwait,0
2004,Kyrgyzstan,0
2004,Latvia,4
2004,Lithuania,3
2004,Macedonia,0
2004,Malaysia,0
2004,Mauritius,0
2004,Mexico,4
2004,Mongolia,1
2004,Montenegro,0
2004,Morocco,3
2004,Mozambique,0
2004,Namibia,0
2004,Netherlands,76
2004,New Zealand,6
2004,Niger,0
2004,Nigeria,8
2004,North Korea,5
2004,Norway,7
2004,Pakistan,0
2004,Panama,0
2004,Paraguay,17
2004,Peru,0
2004,Philippines,0
2004,Poland,12
2004,Portugal,3
2004,Puerto Rico,0
2004,Qatar,0
2004,Romania,39
2004,Russia,192
2004,Saudi Arabia,0
2004,Senegal,0
2004,Serbia,0
2004,Singapore,0
2004,Slovakia,10
2004,Slovenia,5
2004,South Africa,10
2004,South Korea,52
2004,Spain,27
2004,Sri Lanka,0
2004,Sudan,0
2004,Suriname,0
2004,Sweden,12
2004,Switzerland,7
2004,Syria,1
2004,Taiwan,9
2004,Tajikistan,0
2004,Tanzania,0
2004,Thailand,8
2004,Togo,0
2004,Tonga,0
2004,Trinidad and Tobago,1
2004,Tunisia,0
2004,Turkey,10
2004,Uganda,0
2004,Ukraine,48
2004,United Kingdom,57
2004,United States of America,264
2004,Uruguay,0
2004,Uzbekistan,5
2004,Venezuela,2
2004,Vietnam,0
2004,Virgin Islands,0
2004,Zambia,0
2004,Zimbabwe,3
2008,Afghanistan,1
2008,Algeria,2
2008,Argentina,51
2008,Armenia,6
2008,Australia,149
2008,Austria,3
2008,Azerbaijan,7
2008,Bahamas,5
2008,Bahrain,0
2008,Belarus,30
2008,Belgium,5
2008,Bermuda,0
2008,Botswana,0
2008,Brazil,75
2008,Bulgaria,5
2008,Burundi,0
2008,Cameroon,1
2008,Canada,34
2008,Chile,1
2008,China,184
2008,Colombia,2
2008,Costa Rica,0
2008,Croatia,5
2008,Cuba,47
2008,Cyprus,0
2008,Czech Republic,7
2008,Denmark,18
2008,Djibouti,0
2008,Dominican Republic,2
2008,Ecuador,1
2008,Egypt,1
2008,Eritrea,0
2008,Estonia,3
2008,Ethiopia,7
2008,Finland,5
2008,France,76
2008,Georgia,6
2008,Germany,101
2008,Ghana,0
2008,Greece,7
2008,Grenada,0
2008,Guatemala,0
2008,Guyana,0
2008,Hong Kong,0
2008,Hungary,27
2008,Iceland,14
2008,India,3
2008,Indonesia,7
2008,Iran,2
2008,Iraq,0
2008,Ireland,3
2008,Israel,1
2008,Italy,42
2008,Ivory Coast,0
2008,Jamaica,17
2008,Japan,51
2008,Kazakhstan,13
2008,Kenya,14
2008,Kuwait,0
2008,Kyrgyzstan,2
2008,Latvia,3
2008,Lithuania,5
2008,Macedonia,0
2008,Malaysia,1
2008,Mauritius,1
2008,Mexico,4
2008,Mongolia,4
2008,Montenegro,0
2008,Morocco,2
2008,Mozambique,0
2008,Namibia,0
2008,Netherlands,62
2008,New Zealand,14
2008,Niger,0
2008,Nigeria,24
2008,North Korea,6
2008,Norway,22
2008,Pakistan,0
2008,Panama,1
2008,Paraguay,0
2008,Peru,0
2008,Philippines,0
2008,Poland,20
2008,Portugal,2
2008,Puerto Rico,0
2008,Qatar,0
2008,Romania,22
2008,Russia,143
2008,Saudi Arabia,0
2008,Senegal,0
2008,Serbia,15
2008,Singapore,3
2008,Slovakia,10
2008,Slovenia,5
2008,South Africa,1
2008,South Korea,78
2008,Spain,71
2008,Sri Lanka,0
2008,Sudan,1
2008,Suriname,0
2008,Sweden,7
2008,Switzerland,11
2008,Syria,0
2008,Taiwan,4
2008,Tajikistan,2
2008,Tanzania,0
2008,Thailand,4
2008,Togo,1
2008,Tonga,0
2008,Trinidad and Tobago,5
2008,Tunisia,1
2008,Turkey,8
2008,Uganda,0
2008,Ukraine,31
2008,United Kingdom,77
2008,United States of America,315
2008,Uruguay,0
2008,Uzbekistan,6
2008,Venezuela,1
2008,Vietnam,1
2008,Virgin Islands,0
2008,Zambia,0
2008,Zimbabwe,4
2012,Afghanistan,1
2012,Algeria,1
2012,Argentina,20
2012,Armenia,2
2012,Australia,114
2012,Austria,0
2012,Azerbaijan,10
2012,Bahamas,4
2012,Bahrain,1
2012,Belarus,21
2012,Belgium,3
2012,Bermuda,0
2012,Botswana,1
2012,Brazil,59
2012,Bulgaria,2
2012,Burundi,0
2012,Cameroon,1
2012,Canada,57
2012,Chile,0
2012,China,128
2012,Colombia,8
2012,Costa Rica,0
2012,Croatia,35
2012,Cuba,15
2012,Cyprus,1
2012,Czech Republic,15
2012,Denmark,16
2012,Djibouti,0
2012,Dominican Republic,2
2012,Ecuador,0
2012,Egypt,4
2012,Eritrea,0
2012,Estonia,2
2012,Ethiopia,7
2012,Finland,5
2012,France,82
2012,Georgia,7
2012,Germany,94
2012,Ghana,0
2012,Greece,3
2012,Grenada,1
2012,Guatemala,1
2012,Guyana,0
2012,Hong Kong,1
2012,Hungary,26
2012,Iceland,0
2012,India,6
2012,Indonesia,3
2012,Iran,13
2012,Iraq,0
2012,Ireland,6
2012,Israel,0
2012,Italy,68
2012,Ivory Coast,0
2012,Jamaica,25
2012,Japan,84
2012,Kazakhstan,10
2012,Kenya,12
2012,Kuwait,1
2012,Kyrgyzstan,0
2012,Latvia,3
2012,Lithuania,5
2012,Macedonia,0
2012,Malaysia,2
2012,Mauritius,0
2012,Mexico,26
2012,Mongolia,5
2012,Montenegro,14
2012,Morocco,1
2012,Mozambique,0
2012,Namibia,0
2012,Netherlands,69
2012,New Zealand,26
2012,Niger,0
2012,Nigeria,0
2012,North Korea,6
2012,Norway,17
2012,Pakistan,0
2012,Panama,0
2012,Paraguay,0
2012,Peru,0
2012,Philippines,0
2012,Poland,12
2012,Portugal,2
2012,Puerto Rico,2
2012,Qatar,2
2012,Romania,16
2012,Russia,130
2012,Saudi Arabia,4
2012,Senegal,0
2012,Serbia,16
2012,Singapore,4
2012,Slovakia,5
2012,Slovenia,5
2012,South Africa,9
2012,South Korea,63
2012,Spain,65
2012,Sri Lanka,0
2012,Sudan,0
2012,Suriname,0
2012,Sweden,23
2012,Switzerland,4
2012,Syria,0
2012,Taiwan,2
2012,Tajikistan,1
2012,Tanzania,0
2012,Thailand,4
2012,Togo,0
2012,Tonga,0
2012,Trinidad and Tobago,10
2012,Tunisia,3
2012,Turkey,4
2012,Uganda,1
2012,Ukraine,25
2012,United Kingdom,126
2012,United States of America,250
2012,Uruguay,0
2012,Uzbekistan,3
2012,Venezuela,1
2012,Vietnam,0
2012,Virgin Islands,0
2012,Zambia,0
2012,Zimbabwe,0
