Country,Year,Developed,Medals,,,,,,,,,
Afghanistan,1948,F,0,,,,,,,,,
Afghanistan,1952,F,0,,,,,,,,,
Afghanistan,1956,F,0,,,,,,,,,
Afghanistan,1960,F,0,,,,,,,,,
Afghanistan,1964,F,0,,,,,,,,,
Afghanistan,1968,F,0,,,,,,,,,
Afghanistan,1972,F,0,,,,,,,,,
Afghanistan,1976,F,0,,,,,,,,,
Afghanistan,1980,F,0,,,,,,,,,
Afghanistan,1984,F,0,,,,,,,,,
Afghanistan,1988,F,0,,,,,,,,,
Afghanistan,1992,F,0,,,,,,,,,
Afghanistan,1996,F,0,,,,,,,,,
Afghanistan,2000,F,0,,,,,,,,,
Afghanistan,2004,F,0,,,,,,,,,
Afghanistan,2008,F,1,,,,,,,,,
Afghanistan,2012,F,1,,,,,,,,,
Algeria,1948,F,0,,,,,,,,,
Algeria,1952,F,0,,,,,,,,,
Algeria,1956,F,0,,,,,,,,,
Algeria,1960,F,0,,,,,,,,,
Algeria,1964,F,0,,,,,,,,,
Algeria,1968,F,0,,,,,,,,,
Algeria,1972,F,0,,,,,,,,,
Algeria,1976,F,0,,,,,,,,,
Algeria,1980,F,0,,,,,,,,,
Algeria,1984,F,2,,,,,,,,,
Algeria,1988,F,0,,,,,,,,,
Algeria,1992,F,2,,,,,,,,,
Algeria,1996,F,3,,,,,,,,,
Algeria,2000,F,5,,,,,,,,,
Algeria,2004,F,0,,,,,,,,,
Algeria,2008,F,2,,,,,,,,,
Algeria,2012,F,1,,,,,,,,,
Argentina,1948,T,12,,,,,,,,,
Argentina,1952,T,6,,,,,,,,,
Argentina,1956,T,2,,,,,,,,,
Argentina,1960,T,4,,,,,,,,,
Argentina,1964,T,1,,,,,,,,,
Argentina,1968,T,2,,,,,,,,,
Argentina,1972,F,1,,,,,,,,,
Argentina,1976,F,0,,,,,,,,,
Argentina,1980,T,0,,,,,,,,,
Argentina,1984,T,0,,,,,,,,,
Argentina,1988,T,13,,,,,,,,,
Argentina,1992,T,2,,,,,,,,,
Argentina,1996,T,20,,,,,,,,,
Argentina,2000,T,20,,,,,,,,,
Argentina,2004,T,47,,,,,,,,,
Argentina,2008,T,51,,,,,,,,,
Argentina,2012,F,20,,,,,,,,,
Armenia,1948,F,0,,,,,,,,,
Armenia,1952,F,0,,,,,,,,,
Armenia,1956,F,0,,,,,,,,,
Armenia,1960,T,0,,,,,,,,,
Armenia,1964,T,0,,,,,,,,,
Armenia,1968,T,0,,,,,,,,,
Armenia,1972,F,0,,,,,,,,,
Armenia,1976,F,0,,,,,,,,,
Armenia,1980,T,0,,,,,,,,,
Armenia,1984,T,0,,,,,,,,,
Armenia,1988,T,0,,,,,,,,,
Armenia,1992,F,0,,,,,,,,,
Armenia,1996,F,2,,,,,,,,,
Armenia,2000,F,1,,,,,,,,,
Armenia,2004,F,0,,,,,,,,,
Armenia,2008,F,6,,,,,,,,,
Armenia,2012,F,2,,,,,,,,,
Australia,1948,T,16,,,,,,,,,
Australia,1952,T,20,,,,,,,,,
Australia,1956,T,61,,,,,,,,,
Australia,1960,T,36,,,T,,,,,,
Australia,1964,T,42,,,,,,,,,
Australia,1968,T,49,,,,,,,,,
Australia,1972,T,20,,,,,,,,,
Australia,1976,T,24,,,,,,,,,
Australia,1980,T,12,,,,,,,,,
Australia,1984,T,50,,,,,,,,,
Australia,1988,T,34,,,,,,,,,
Australia,1992,T,57,,,,,,,,,
Australia,1996,T,132,,,,,,,,,
Australia,2000,T,183,,,,,,,,,
Australia,2004,T,157,,,,,,,,,
Australia,2008,T,149,,,,,,,,,
Australia,2012,T,114,,,,,,,,,
Austria,1948,T,4,,,,,,,,,
Austria,1952,T,3,,,,,,,,,
Austria,1956,T,4,,,,,,,,,
Austria,1960,F,3,,,,,,,,,
Austria,1964,F,0,,,,,,,,,
Austria,1968,F,5,,,,,,,,,
Austria,1972,T,3,,,,,,,,,
Austria,1976,T,1,,,,,,,,,
Austria,1980,T,5,,,,,,,,,
Austria,1984,T,3,,,,,,,,,
Austria,1988,T,1,,,,,,,,,
Austria,1992,T,6,,,,,,,,,
Austria,1996,T,3,,,,,,,,,
Austria,2000,T,4,,,,,,,,,
Austria,2004,T,8,,,,,,,,,
Austria,2008,T,3,,,,,,,,,
Austria,2012,T,0,,,,,,,,,
Azerbaijan,1948,F,0,,,,,,,,,
Azerbaijan,1952,F,0,,,,,,,,,
Azerbaijan,1956,F,0,,,,,,,,,
Azerbaijan,1960,F,0,,,,,,,,,
Azerbaijan,1964,F,0,,,,,,,,,
Azerbaijan,1968,F,0,,,,,,,,,
Azerbaijan,1972,F,0,,,,,,,,,
Azerbaijan,1976,F,0,,,,,,,,,
Azerbaijan,1980,F,0,,,,,,,,,
Azerbaijan,1984,F,0,,,,,,,,,
Azerbaijan,1988,F,0,,,,,,,,,
Azerbaijan,1992,F,0,,,,,,,,,
Azerbaijan,1996,F,1,,,,,,,,,
Azerbaijan,2000,F,3,,,,,,,,,
Azerbaijan,2004,F,5,,,,,,,,,
Azerbaijan,2008,F,7,,,,,,,,,
Azerbaijan,2012,F,10,,,,,,,,,
Bahamas,1948,F,0,,,,,,,,,
Bahamas,1952,F,0,,,,,,,,,
Bahamas,1956,F,2,,,,,,,,,
Bahamas,1960,F,0,,,,,,,,,
Bahamas,1964,F,2,,,,,,,,,
Bahamas,1968,F,0,,,,,,,,,
Bahamas,1972,F,0,,,,,,,,,
Bahamas,1976,F,0,,,,,,,,,
Bahamas,1980,F,0,,,,,,,,,
Bahamas,1984,F,0,,,,,,,,,
Bahamas,1988,F,0,,,,,,,,,
Bahamas,1992,F,1,,,,,,,,,
Bahamas,1996,F,5,,,,,,,,,
Bahamas,2000,F,6,,,,,,,,,
Bahamas,2004,F,2,,,,,,,,,
Bahamas,2008,F,5,,,,,,,,,
Bahamas,2012,F,4,,,,,,,,,
Bahrain,1948,F,0,,,,,,,,,
Bahrain,1952,F,0,,,,,,,,,
Bahrain,1956,F,0,,,,,,,,,
Bahrain,1960,F,0,,,,,,,,,
Bahrain,1964,F,0,,,,,,,,,
Bahrain,1968,F,0,,,,,,,,,
Bahrain,1972,F,0,,,,,,,,,
Bahrain,1976,F,0,,,,,,,,,
Bahrain,1980,F,0,,,,,,,,,
Bahrain,1984,F,0,,,,,,,,,
Bahrain,1988,F,0,,,,,,,,,
Bahrain,1992,T,0,,,,,,,,,
Bahrain,1996,T,0,,,,,,,,,
Bahrain,2000,T,0,,,,,,,,,
Bahrain,2004,T,0,,,,,,,,,
Bahrain,2008,T,0,,,,,,,,,
Bahrain,2012,T,1,,,,,,,,,
Belarus,1948,F,0,,,,,,,,,
Belarus,1952,F,0,,,,,,,,,
Belarus,1956,F,0,,,,,,,,,
Belarus,1960,F,0,,,,,,,,,
Belarus,1964,F,0,,,,,,,,,
Belarus,1968,F,0,,,,,,,,,
Belarus,1972,F,0,,,,,,,,,
Belarus,1976,F,0,,,,,,,,,
Belarus,1980,F,0,,,,,,,,,
Belarus,1984,F,0,,,,,,,,,
Belarus,1988,F,0,,,,,,,,,
Belarus,1992,F,0,,,,,,,,,
Belarus,1996,F,23,,,,,,,,,
Belarus,2000,F,22,,,,,,,,,
Belarus,2004,F,17,,,,,,,,,
Belarus,2008,F,30,,,,,,,,,
Belarus,2012,F,21,,,,,,,,,
Belgium,1948,T,14,,,,,,,,,
Belgium,1952,T,7,,,,,,,,,
Belgium,1956,T,2,,,,,,,,,
Belgium,1960,T,4,,,,,,,,,
Belgium,1964,T,3,,,,,,,,,
Belgium,1968,T,3,,,,,,,,,
Belgium,1972,T,2,,,,,,,,,
Belgium,1976,T,9,,,,,,,,,
Belgium,1980,T,1,,,,,,,,,
Belgium,1984,T,5,,,,,,,,,
Belgium,1988,T,2,,,,,,,,,
Belgium,1992,T,3,,,,,,,,,
Belgium,1996,T,6,,,,,,,,,
Belgium,2000,T,7,,,,,,,,,
Belgium,2004,T,3,,,,,,,,,
Belgium,2008,T,5,,,,,,,,,
Belgium,2012,T,3,,,,,,,,,
Bermuda,1948,F,0,,,,,,,,,
Bermuda,1952,F,0,,,,,,,,,
Bermuda,1956,F,0,,,,,,,,,
Bermuda,1960,F,0,,,,,,,,,
Bermuda,1964,F,0,,,,,,,,,
Bermuda,1968,F,0,,,,,,,,,
Bermuda,1972,F,0,,,,,,,,,
Bermuda,1976,F,1,,,,,,,,,
Bermuda,1980,F,0,,,,,,,,,
Bermuda,1984,F,0,,,,,,,,,
Bermuda,1988,F,0,,,,,,,,,
Bermuda,1992,F,0,,,,,,,,,
Bermuda,1996,F,0,,,,,,,,,
Bermuda,2000,F,0,,,,,,,,,
Bermuda,2004,F,0,,,,,,,,,
Bermuda,2008,F,0,,,,,,,,,
Bermuda,2012,F,0,,,,,,,,,
Botswana,1948,F,0,,,,,,,,,
Botswana,1952,F,0,,,,,,,,,
Botswana,1956,F,0,,,,,,,,,
Botswana,1960,F,0,,,,,,,,,
Botswana,1964,F,0,,,,,,,,,
Botswana,1968,F,0,,,,,,,,,
Botswana,1972,F,0,,,,,,,,,
Botswana,1976,F,0,,,,,,,,,
Botswana,1980,F,0,,,,,,,,,
Botswana,1984,F,0,,,,,,,,,
Botswana,1988,F,0,,,,,,,,,
Botswana,1992,F,0,,,,,,,,,
Botswana,1996,F,0,,,,,,,,,
Botswana,2000,F,0,,,,,,,,,
Botswana,2004,F,0,,,,,,,,,
Botswana,2008,F,0,,,,,,,,,
Botswana,2012,F,1,,,,,,,,,
Brazil,1948,F,12,,,,,,,,,
Brazil,1952,F,3,,,,,,,,,
Brazil,1956,F,1,,,,,,,,,
Brazil,1960,F,13,,,,,,,,,
Brazil,1964,F,12,,,,,,,,,
Brazil,1968,F,4,,,,,,,,,
Brazil,1972,F,2,,,,,,,,,
Brazil,1976,F,3,,,,,,,,,
Brazil,1980,F,9,,,,,,,,,
Brazil,1984,F,37,,,,,,,,,
Brazil,1988,F,28,,,,,,,,,
Brazil,1992,F,14,,,,,,,,,
Brazil,1996,F,64,,,,,,,,,
Brazil,2000,F,48,,,,,,,,,
Brazil,2004,F,40,,,,,,,,,
Brazil,2008,F,75,,,,,,,,,
Brazil,2012,F,59,,,,,,,,,
Brunei,1948,F,0,,,,,,,,,
Brunei,1952,F,0,,,,,,,,,
Brunei,1956,F,0,,,,,,,,,
Brunei,1960,F,0,,,,,,,,,
Brunei,1964,F,0,,,,,,,,,
Brunei,1968,F,0,,,,,,,,,
Brunei,1972,F,0,,,,,,,,,
Brunei,1976,F,0,,,,,,,,,
Brunei,1980,F,0,,,,,,,,,
Brunei,1984,F,0,,,,,,,,,
Brunei,1988,F,0,,,,,,,,,
Brunei,1992,T,0,,,,,,,,,
Brunei,1996,T,0,,,,,,,,,
Brunei,2000,T,0,,,,,,,,,
Brunei,2004,T,0,,,,,,,,,
Brunei,2008,T,0,,,,,,,,,
Brunei,2012,T,0,,,,,,,,,
Bulgaria,1948,F,0,,,,,,,,,
Bulgaria,1952,F,1,,,,,,,,,
Bulgaria,1956,F,18,,,,,,,,,
Bulgaria,1960,F,7,,,,,,,,,
Bulgaria,1964,F,10,,,,,,,,,
Bulgaria,1968,F,26,,,,,,,,,
Bulgaria,1972,F,22,,,,,,,,,
Bulgaria,1976,F,39,,,,,,,,,
Bulgaria,1980,T,94,,,,,,,,,
Bulgaria,1984,T,0,,,,,,,,,
Bulgaria,1988,F,41,,,,,,,,,
Bulgaria,1992,F,17,,,,,,,,,
Bulgaria,1996,F,21,,,,,,,,,
Bulgaria,2000,F,13,,,,,,,,,
Bulgaria,2004,F,17,,,,,,,,,
Bulgaria,2008,F,5,,,,,,,,,
Bulgaria,2012,F,2,,,,,,,,,
Burundi,1948,F,0,,,,,,,Japan,2010,89.416603
Burundi,1952,F,0,,,,,,,Kazakhstan,2010,82.860207
Burundi,1956,F,0,,,,,,,Latvia,2010,83.01342
Burundi,1960,F,0,,,,,,,Lithuania,2010,83.806778
Burundi,1964,F,0,,,,,,,Luxembourg,1950,84.835541
Burundi,1968,F,0,,,,,,,Luxembourg,1960,84.939491
Burundi,1972,F,0,,,,,,,Luxembourg,1970,84.859268
Burundi,1976,F,0,,,,,,,Luxembourg,1980,86.221436
Burundi,1980,F,0,,,,,,,Luxembourg,1990,92.251328
Burundi,1984,F,0,,,,,,,Luxembourg,2000,92.010735
Burundi,1988,F,0,,,,,,,Luxembourg,2010,91.404564
Burundi,1992,F,0,,,,,,,Macao,1990,81.320267
Burundi,1996,F,1,,,,,,,Malaysia,2000,82.150459
Burundi,2000,F,0,,,,,,,Malaysia,2010,82.217072
Burundi,2004,F,0,,,,,,,Malta,1980,80.763268
Burundi,2008,F,0,,,,,,,Malta,1990,82.133095
Burundi,2012,F,0,,,,,,,Malta,2000,83.030815
Cameroon,1948,F,0,,,,,,,,,
Cameroon,1952,F,0,,,,,,,,,
Cameroon,1956,F,0,,,,,,,,,
Cameroon,1960,F,0,,,,,,,,,
Cameroon,1964,F,0,,,,,,,,,
Cameroon,1968,F,1,,,,,,,,,
Cameroon,1972,F,0,,,,,,,,,
Cameroon,1976,F,0,,,,,,,,,
Cameroon,1980,F,0,,,,,,,,,
Cameroon,1984,F,1,,,,,,,,,
Cameroon,1988,F,0,,,,,,,,,
Cameroon,1992,F,0,,,,,,,,,
Cameroon,1996,F,0,,,,,,,,,
Cameroon,2000,F,18,,,,,,,,,
Cameroon,2004,F,1,,,,,,,,,
Cameroon,2008,F,1,,,,,,,,,
Cameroon,2012,F,1,,,,,,,,,
Canada,1948,T,6,,,,,,,,,
Canada,1952,T,4,,,,,,,,,
Canada,1956,T,19,,,,,,,,,
Canada,1960,T,9,,,,,,,,,
Canada,1964,T,5,,,,,,,,,
Canada,1968,T,10,,,,,,,,,
Canada,1972,T,10,,,,,,,,,
Canada,1976,T,20,,,,,,,,,
Canada,1980,T,0,,,,,,,,,
Canada,1984,T,86,,,,,,,,,
Canada,1988,T,21,,,,,,,,,
Canada,1992,T,44,,,,,,,,,
Canada,1996,T,51,,,,,,,,,
Canada,2000,T,31,,,,,,,,,
Canada,2004,T,17,,,,,,,,,
Canada,2008,T,34,,,,,,,,,
Canada,2012,T,57,,,,,,,,,
Chile,1948,T,0,,,,,,,,,
Chile,1952,T,4,,,,,,,,,
Chile,1956,T,4,,,,,,,,,
Chile,1960,T,0,,,,,,,,,
Chile,1964,T,0,,,,,,,,,
Chile,1968,T,0,,,,,,,,,
Chile,1972,F,0,,,,,,,,,
Chile,1976,F,0,,,,,,,,,
Chile,1980,F,0,,,,,,,,,
Chile,1984,F,0,,,,,,,,,
Chile,1988,F,1,,,,,,,,,
Chile,1992,F,0,,,,,,,,,
Chile,1996,F,0,,,,,,,,,
Chile,2000,T,18,,,,,,,,,
Chile,2004,T,4,,,,,,,,,
Chile,2008,T,1,,,,,,,,,
Chile,2012,T,0,,,,,,,,,
China,1948,F,0,,,,,,,,,
China,1952,F,0,,,,,,,,,
China,1956,F,0,,,,,,,,,
China,1960,F,0,,,,,,,,,
China,1964,F,0,,,,,,,,,
China,1968,F,0,,,,,,,,,
China,1972,F,0,,,,,,,,,
China,1976,F,0,,,,,,,,,
China,1980,F,0,,,,,,,,,
China,1984,F,76,,,,,,,,,
China,1988,F,53,,,,,,,,,
China,1992,F,83,,,,,,,,,
China,1996,F,110,,,,,,,,,
China,2000,F,79,,,,,,,,,
China,2004,F,94,,,,,,,,,
China,2008,F,184,,,,,,,,,
China,2012,F,128,,,,,,,,,
Colombia,1948,F,0,,,,,,,,,
Colombia,1952,F,0,,,,,,,,,
Colombia,1956,F,0,,,,,,,,,
Colombia,1960,F,0,,,,,,,,,
Colombia,1964,F,0,,,,,,,,,
Colombia,1968,F,0,,,,,,,,,
Colombia,1972,F,3,,,,,,,,,
Colombia,1976,F,0,,,,,,,,,
Colombia,1980,F,0,,,,,,,,,
Colombia,1984,F,1,,,,,,,,,
Colombia,1988,F,1,,,,,,,,,
Colombia,1992,F,1,,,,,,,,,
Colombia,1996,F,0,,,,,,,,,
Colombia,2000,F,1,,,,,,,,,
Colombia,2004,F,2,,,,,,,,,
Colombia,2008,F,2,,,,,,,,,
Colombia,2012,F,8,,,,,,,,,
Costa Rica,1948,F,0,,,,,,,,,
Costa Rica,1952,F,0,,,,,,,,,
Costa Rica,1956,F,0,,,,,,,,,
Costa Rica,1960,F,0,,,,,,,,,
Costa Rica,1964,F,0,,,,,,,,,
Costa Rica,1968,F,0,,,,,,,,,
Costa Rica,1972,F,0,,,,,,,,,
Costa Rica,1976,F,0,,,,,,,,,
Costa Rica,1980,F,0,,,,,,,,,
Costa Rica,1984,F,0,,,,,,,,,
Costa Rica,1988,F,1,,,,,,,,,
Costa Rica,1992,F,0,,,,,,,,,
Costa Rica,1996,F,1,,,,,,,,,
Costa Rica,2000,F,2,,,,,,,,,
Costa Rica,2004,F,0,,,,,,,,,
Costa Rica,2008,F,0,,,,,,,,,
Costa Rica,2012,F,0,,,,,,,,,
Croatia,1948,F,0,,,,,,,,,
Croatia,1952,F,0,,,,,,,,,
Croatia,1956,F,0,,,,,,,,,
Croatia,1960,F,0,,,,,,,,,
Croatia,1964,F,0,,,,,,,,,
Croatia,1968,F,0,,,,,,,,,
Croatia,1972,F,0,,,,,,,,,
Croatia,1976,F,0,,,,,,,,,
Croatia,1980,F,0,,,,,,,,,
Croatia,1984,F,0,,,,,,,,,
Croatia,1988,F,0,,,,,,,,,
Croatia,1992,F,15,,,,,,,,,
Croatia,1996,F,29,,,,,,,,,
Croatia,2000,F,10,,,,,,,,,
Croatia,2004,F,20,,,,,,,,,
Croatia,2008,F,5,,,,,,,,,
Croatia,2012,F,35,,,,,,,,,
Cuba,1948,F,2,,,,,,,,,
Cuba,1952,F,0,,,,,,,,,
Cuba,1956,F,0,,,,,,,,,
Cuba,1960,F,0,,,,,,,,,
Cuba,1964,F,1,,,,,,,,,
Cuba,1968,F,10,,,,,,,,,
Cuba,1972,F,22,,,,,,,,,
Cuba,1976,F,24,,,,,,,,,
Cuba,1980,F,20,,,,,,,,,
Cuba,1984,F,0,,,,,,,,,
Cuba,1988,F,0,,,,,,,,,
Cuba,1992,T,71,,,,,,,,,
Cuba,1996,T,57,,,,,,,,,
Cuba,2000,T,69,,,,,,,,,
Cuba,2004,T,61,,,,,,,,,
Cuba,2008,T,47,,,,,,,,,
Cuba,2012,T,15,,,,,,,,,
Cyprus,1948,F,0,,,,,,,,,
Cyprus,1952,F,0,,,,,,,,,
Cyprus,1956,F,0,,,,,,,,,
Cyprus,1960,T,0,,,,,,,,,
Cyprus,1964,T,0,,,,,,,,,
Cyprus,1968,T,0,,,,,,,,,
Cyprus,1972,T,0,,,,,,,,,
Cyprus,1976,T,0,,,,,,,,,
Cyprus,1980,T,0,,,,,,,,,
Cyprus,1984,T,0,,,,,,,,,
Cyprus,1988,T,0,,,,,,,,,
Cyprus,1992,T,0,,,,,,,,,
Cyprus,1996,T,0,,,,,,,,,
Cyprus,2000,T,0,,,,,,,,,
Cyprus,2004,T,0,,,,,,,,,
Cyprus,2008,T,0,,,,,,,,,
Cyprus,2012,T,1,,,,,,,,,
Czech Republic,1948,F,20,,,,,,,,,
Czech Republic,1952,F,25,,,,,,,,,
Czech Republic,1956,F,7,,,,,,,,,
Czech Republic,1960,T,22,,,T,,,,,,
Czech Republic,1964,T,55,,,,,,,,,
Czech Republic,1968,T,29,,,,,,,,,
Czech Republic,1972,T,29,,,,,,,,,
Czech Republic,1976,T,15,,,,,,,,,
Czech Republic,1980,T,52,,,,,,,,,
Czech Republic,1984,T,0,,,,,,,,,
Czech Republic,1988,T,10,,,,,,,,,
Czech Republic,1992,T,8,,,,,,,,,
Czech Republic,1996,T,13,,,,,,,,,
Czech Republic,2000,T,9,,,,,,,,,
Czech Republic,2004,T,12,,,,,,,,,
Czech Republic,2008,T,7,,,,,,,,,
Czech Republic,2012,T,15,,,,,,,,,
Denmark,1948,T,49,,,,,,,,,
Denmark,1952,T,9,,,,,,,,,
Denmark,1956,T,7,,,,,,,,,
Denmark,1960,T,23,,,,,,,,,
Denmark,1964,T,12,,,,,,,,,
Denmark,1968,T,16,,,,,,,,,
Denmark,1972,T,1,,,,,,,,,
Denmark,1976,T,8,,,,,,,,,
Denmark,1980,T,8,,,,,,,,,
Denmark,1984,T,15,,,,,,,,,
Denmark,1988,T,7,,,,,,,,,
Denmark,1992,T,14,,,,,,,,,
Denmark,1996,T,24,,,,,,,,,
Denmark,2000,T,25,,,,,,,,,
Denmark,2004,T,29,,,,,,,,,
Denmark,2008,T,18,,,,,,,,,
Denmark,2012,T,16,,,,,,,,,
Djibouti,1948,F,0,,,,,,,,,
Djibouti,1952,F,0,,,,,,,,,
Djibouti,1956,F,0,,,,,,,,,
Djibouti,1960,F,0,,,,,,,,,
Djibouti,1964,F,0,,,,,,,,,
Djibouti,1968,F,0,,,,,,,,,
Djibouti,1972,F,0,,,,,,,,,
Djibouti,1976,F,0,,,,,,,,,
Djibouti,1980,F,0,,,,,,,,,
Djibouti,1984,F,0,,,,,,,,,
Djibouti,1988,F,1,,,,,,,,,
Djibouti,1992,F,0,,,,,,,,,
Djibouti,1996,F,0,,,,,,,,,
Djibouti,2000,F,0,,,,,,,,,
Djibouti,2004,F,0,,,,,,,,,
Djibouti,2008,F,0,,,,,,,,,
Djibouti,2012,F,0,,,,,,,,,
Dominican Republic,1948,F,0,,,,,,,,,
Dominican Republic,1952,F,0,,,,,,,,,
Dominican Republic,1956,F,0,,,,,,,,,
Dominican Republic,1960,F,0,,,,,,,,,
Dominican Republic,1964,F,0,,,,,,,,,
Dominican Republic,1968,F,0,,,,,,,,,
Dominican Republic,1972,F,0,,,,,,,,,
Dominican Republic,1976,F,0,,,,,,,,,
Dominican Republic,1980,F,0,,,,,,,,,
Dominican Republic,1984,F,1,,,,,,,,,
Dominican Republic,1988,F,0,,,,,,,,,
Dominican Republic,1992,F,0,,,,,,,,,
Dominican Republic,1996,F,0,,,,,,,,,
Dominican Republic,2000,F,0,,,,,,,,,
Dominican Republic,2004,F,1,,,,,,,,,
Dominican Republic,2008,F,2,,,,,,,,,
Dominican Republic,2012,F,2,,,,,,,,,
Ecuador,1948,F,0,,,,,,,,,
Ecuador,1952,F,0,,,,,,,,,
Ecuador,1956,F,0,,,,,,,,,
Ecuador,1960,F,0,,,,,,,,,
Ecuador,1964,F,0,,,,,,,,,
Ecuador,1968,F,0,,,,,,,,,
Ecuador,1972,F,0,,,,,,,,,
Ecuador,1976,F,0,,,,,,,,,
Ecuador,1980,F,0,,,,,,,,,
Ecuador,1984,F,0,,,,,,,,,
Ecuador,1988,F,0,,,,,,,,,
Ecuador,1992,F,0,,,,,,,,,
Ecuador,1996,F,1,,,,,,,,,
Ecuador,2000,F,0,,,,,,,,,
Ecuador,2004,F,0,,,,,,,,,
Ecuador,2008,F,1,,,,,,,,,
Ecuador,2012,F,0,,,,,,,,,
Egypt,1948,F,5,,,,,,,,,
Egypt,1952,F,1,,,,,,,,,
Egypt,1956,F,0,,,,,,,,,
Egypt,1960,F,2,,,,,,,,,
Egypt,1964,F,0,,,,,,,,,
Egypt,1968,F,0,,,,,,,,,
Egypt,1972,F,0,,,,,,,,,
Egypt,1976,F,0,,,,,,,,,
Egypt,1980,F,0,,,,,,,,,
Egypt,1984,F,1,,,,,,,,,
Egypt,1988,F,0,,,,,,,,,
Egypt,1992,F,0,,,,,,,,,
Egypt,1996,F,0,,,,,,,,,
Egypt,2000,F,0,,,,,,,,,
Egypt,2004,F,5,,,,,,,,,
Egypt,2008,F,1,,,,,,,,,
Egypt,2012,F,4,,,,,,,,,
Eritrea,1948,F,0,,,,,,,,,
Eritrea,1952,F,0,,,,,,,,,
Eritrea,1956,F,0,,,,,,,,,
Eritrea,1960,F,0,,,,,,,,,
Eritrea,1964,F,0,,,,,,,,,
Eritrea,1968,F,0,,,,,,,,,
Eritrea,1972,F,0,,,,,,,,,
Eritrea,1976,F,0,,,,,,,,,
Eritrea,1980,F,0,,,,,,,,,
Eritrea,1984,F,0,,,,,,,,,
Eritrea,1988,F,0,,,,,,,,,
Eritrea,1992,F,0,,,,,,,,,
Eritrea,1996,F,0,,,,,,,,,
Eritrea,2000,F,0,,,,,,,,,
Eritrea,2004,F,1,,,,,,,,,
Eritrea,2008,F,0,,,,,,,,,
Eritrea,2012,F,0,,,,,,,,,
Estonia,1948,F,0,,,,,,,,,
Estonia,1952,T,0,,,,,,,,,
Estonia,1956,T,0,,,,,,,,,
Estonia,1960,T,0,,,,,,,,,
Estonia,1964,T,0,,,,,,,,,
Estonia,1968,T,0,,,,,,,,,
Estonia,1972,T,0,,,,,,,,,
Estonia,1976,T,0,,,,,,,,,
Estonia,1980,T,0,,,,,,,,,
Estonia,1984,T,0,,,,,,,,,
Estonia,1988,T,0,,,,,,,,,
Estonia,1992,T,3,,,,,,,,,
Estonia,1996,T,0,,,,,,,,,
Estonia,2000,T,3,,,,,,,,,
Estonia,2004,T,3,,,,,,,,,
Estonia,2008,T,3,,,,,,,,,
Estonia,2012,T,2,,,,,,,,,
Ethiopia,1948,F,0,,,,,,,,,
Ethiopia,1952,F,0,,,,,,,,,
Ethiopia,1956,F,0,,,,,,,,,
Ethiopia,1960,F,1,,,,,,,,,
Ethiopia,1964,F,1,,,,,,,,,
Ethiopia,1968,F,2,,,,,,,,,
Ethiopia,1972,F,2,,,,,,,,,
Ethiopia,1976,F,0,,,,,,,,,
Ethiopia,1980,F,4,,,,,,,,,
Ethiopia,1984,F,0,,,,,,,,,
Ethiopia,1988,F,0,,,,,,,,,
Ethiopia,1992,F,3,,,,,,,,,
Ethiopia,1996,F,3,,,,,,,,,
Ethiopia,2000,F,8,,,,,,,,,
Ethiopia,2004,F,7,,,,,,,,,
Ethiopia,2008,F,7,,,,,,,,,
Ethiopia,2012,F,7,,,,,,,,,
Finland,1948,F,29,,,,,,,,,
Finland,1952,F,40,,,,,,,,,
Finland,1956,F,26,,,,,,,,,
Finland,1960,T,6,,,,,,,,,
Finland,1964,T,5,,,,,,,,,
Finland,1968,T,4,,,,,,,,,
Finland,1972,T,10,,,,,,,,,
Finland,1976,T,6,,,,,,,,,
Finland,1980,T,9,,,,,,,,,
Finland,1984,T,12,,,,,,,,,
Finland,1988,T,4,,,,,,,,,
Finland,1992,T,7,,,,,,,,,
Finland,1996,T,4,,,,,,,,,
Finland,2000,T,5,,,,,,,,,
Finland,2004,T,2,,,,,,,,,
Finland,2008,T,5,,,,,,,,,
Finland,2012,T,5,,,,,,,,,
France,1948,T,68,,,,,,,,,
France,1952,T,39,,,,,,,,,
France,1956,T,32,,,,,,,,,
France,1960,T,11,,,,,,,,,
France,1964,T,31,,,,,,,,,
France,1968,T,27,,,,,,,,,
France,1972,T,22,,,,,,,,,
France,1976,T,20,,,,,,,,,
France,1980,T,29,,,,,,,,,
France,1984,T,68,,,,,,,,,
France,1988,T,29,,,,,,,,,
France,1992,T,57,,,,,,,,,
France,1996,T,51,,,,,,,,,
France,2000,T,66,,,,,,,,,
France,2004,T,53,,,,,,,,,
France,2008,T,76,,,,,,,,,
France,2012,T,82,,,,,,,,,
Gabon,1948,F,0,,,,,,,,,
Gabon,1952,F,0,,,,,,,,,
Gabon,1956,F,0,,,,,,,,,
Gabon,1960,F,0,,,,,,,,,
Gabon,1964,F,0,,,,,,,,,
Gabon,1968,F,0,,,,,,,,,
Gabon,1972,F,0,,,,,,,,,
Gabon,1976,F,0,,,,,,,,,
Gabon,1980,F,0,,,,,,,,,
Gabon,1984,F,0,,,,,,,,,
Gabon,1988,F,0,,,,,,,,,
Gabon,1992,F,0,,,,,,,,,
Gabon,1996,F,0,,,,,,,,,
Gabon,2000,F,0,,,,,,,,,
Gabon,2004,F,0,,,,,,,,,
Gabon,2008,F,0,,,,,,,,,
Gabon,2012,F,0,,,,,,,,,
Georgia,1948,F,0,,,,,,,,,
Georgia,1952,F,0,,,,,,,,,
Georgia,1956,F,0,,,,,,,,,
Georgia,1960,F,0,,,,,,,,,
Georgia,1964,F,0,,,,,,,,,
Georgia,1968,F,0,,,,,,,,,
Georgia,1972,F,0,,,,,,,,,
Georgia,1976,F,0,,,,,,,,,
Georgia,1980,F,0,,,,,,,,,
Georgia,1984,F,0,,,,,,,,,
Georgia,1988,F,0,,,,,,,,,
Georgia,1992,F,0,,,,,,,,,
Georgia,1996,F,2,,,,,,,,,
Georgia,2000,F,6,,,,,,,,,
Georgia,2004,F,4,,,,,,,,,
Georgia,2008,F,6,,,,,,,,,
Georgia,2012,F,7,,,,,,,,,
Germany,1948,T,0,,,,,,,,,
Germany,1952,T,40,,,,,,,,,
Germany,1956,T,57,,,,,,,,,
Germany,1960,T,88,,,,,,,,,
Germany,1964,T,115,,,,,,,,,
Germany,1968,T,100,,,,,,,,,
Germany,1972,T,244,,,,,,,,,
Germany,1976,T,267,,,,,,,,,
Germany,1980,T,260,,,,,,,,,
Germany,1984,T,157,,,,,,,,,
Germany,1988,T,287,,,,,,,,,
Germany,1992,T,198,,,,,,,,,
Germany,1996,T,124,,,,,,,,,
Germany,2000,T,119,,,,,,,,,
Germany,2004,T,149,,,,,,,,,
Germany,2008,T,101,,,,,,,,,
Germany,2012,T,94,,,,,,,,,
Ghana,1948,F,0,,,,,,,,,
Ghana,1952,F,0,,,,,,,,,
Ghana,1956,F,0,,,,,,,,,
Ghana,1960,F,1,,,,,,,,,
Ghana,1964,F,1,,,,,,,,,
Ghana,1968,F,0,,,,,,,,,
Ghana,1972,F,1,,,,,,,,,
Ghana,1976,F,0,,,,,,,,,
Ghana,1980,F,0,,,,,,,,,
Ghana,1984,F,0,,,,,,,,,
Ghana,1988,F,0,,,,,,,,,
Ghana,1992,F,13,,,,,,,,,
Ghana,1996,F,0,,,,,,,,,
Ghana,2000,F,0,,,,,,,,,
Ghana,2004,F,0,,,,,,,,,
Ghana,2008,F,0,,,,,,,,,
Ghana,2012,F,0,,,,,,,,,
Greece,1948,F,0,,,,,,,,,
Greece,1952,F,0,,,,,,,,,
Greece,1956,F,1,,,,,,,,,
Greece,1960,F,3,,,,,,,,,
Greece,1964,F,0,,,,,,,,,
Greece,1968,F,1,,,,,,,,,
Greece,1972,T,2,,,,,,,,,
Greece,1976,T,0,,,,,,,,,
Greece,1980,T,5,,,,,,,,,
Greece,1984,T,2,,,,,,,,,
Greece,1988,T,1,,,,,,,,,
Greece,1992,T,2,,,,,,,,,
Greece,1996,T,8,,,,,,,,,
Greece,2000,T,18,,,,,,,,,
Greece,2004,T,31,,,,,,,,,
Greece,2008,T,7,,,,,,,,,
Greece,2012,T,3,,,,,,,,,
Grenada,1948,F,0,,,,,,,,,
Grenada,1952,F,0,,,,,,,,,
Grenada,1956,F,0,,,,,,,,,
Grenada,1960,F,0,,,,,,,,,
Grenada,1964,F,0,,,,,,,,,
Grenada,1968,F,0,,,,,,,,,
Grenada,1972,F,0,,,,,,,,,
Grenada,1976,F,0,,,,,,,,,
Grenada,1980,F,0,,,,,,,,,
Grenada,1984,F,0,,,,,,,,,
Grenada,1988,F,0,,,,,,,,,
Grenada,1992,F,0,,,,,,,,,
Grenada,1996,F,0,,,,,,,,,
Grenada,2000,F,0,,,,,,,,,
Grenada,2004,F,0,,,,,,,,,
Grenada,2008,F,0,,,,,,,,,
Grenada,2012,F,1,,,,,,,,,
Guatemala,1948,F,0,,,,,,,,,
Guatemala,1952,F,0,,,,,,,,,
Guatemala,1956,F,0,,,,,,,,,
Guatemala,1960,F,0,,,,,,,,,
Guatemala,1964,F,0,,,,,,,,,
Guatemala,1968,F,0,,,,,,,,,
Guatemala,1972,F,0,,,,,,,,,
Guatemala,1976,F,0,,,,,,,,,
Guatemala,1980,F,0,,,,,,,,,
Guatemala,1984,F,0,,,,,,,,,
Guatemala,1988,F,0,,,,,,,,,
Guatemala,1992,F,0,,,,,,,,,
Guatemala,1996,F,0,,,,,,,,,
Guatemala,2000,F,0,,,,,,,,,
Guatemala,2004,F,0,,,,,,,,,
Guatemala,2008,F,0,,,,,,,,,
Guatemala,2012,F,1,,,,,,,,,
Guyana,1948,F,0,,,,,,,,,
Guyana,1952,F,0,,,,,,,,,
Guyana,1956,F,0,,,,,,,,,
Guyana,1960,F,0,,,,,,,,,
Guyana,1964,F,0,,,,,,,,,
Guyana,1968,F,0,,,,,,,,,
Guyana,1972,F,0,,,,,,,,,
Guyana,1976,F,0,,,,,,,,,
Guyana,1980,F,1,,,,,,,,,
Guyana,1984,F,0,,,,,,,,,
Guyana,1988,F,0,,,,,,,,,
Guyana,1992,F,0,,,,,,,,,
Guyana,1996,F,0,,,,,,,,,
Guyana,2000,F,0,,,,,,,,,
Guyana,2004,F,0,,,,,,,,,
Guyana,2008,F,0,,,,,,,,,
Guyana,2012,F,0,,,,,,,,,
Hong Kong,1948,F,0,,,,,,,,,
Hong Kong,1952,F,0,,,,,,,,,
Hong Kong,1956,F,0,,,,,,,,,
Hong Kong,1960,F,0,,,,,,,,,
Hong Kong,1964,F,0,,,,,,,,,
Hong Kong,1968,F,0,,,,,,,,,
Hong Kong,1972,F,0,,,,,,,,,
Hong Kong,1976,F,0,,,,,,,,,
Hong Kong,1980,T,0,,,,,,,,,
Hong Kong,1984,T,0,,,,,,,,,
Hong Kong,1988,T,0,,,,,,,,,
Hong Kong,1992,T,0,,,,,,,,,
Hong Kong,1996,T,1,,,,,,,,,
Hong Kong,2000,T,0,,,,,,,,,
Hong Kong,2004,T,2,,,,,,,,,
Hong Kong,2008,T,0,,,,,,,,,
Hong Kong,2012,T,1,,,,,,,,,
Hungary,1948,F,60,,,,,,,,,
Hungary,1952,F,101,,,,,,,,,
Hungary,1956,F,64,,,,,,,,,
Hungary,1960,T,65,,,,,,,,,
Hungary,1964,T,56,,,,,,,,,
Hungary,1968,T,81,,,,,,,,,
Hungary,1972,T,81,,,,,,,,,
Hungary,1976,T,55,,,,,,,,,
Hungary,1980,T,61,,,,,,,,,
Hungary,1984,T,0,,,,,,,,,
Hungary,1988,T,44,,,,,,,,,
Hungary,1992,T,45,,,,,,,,,
Hungary,1996,T,43,,,,,,,,,
Hungary,2000,T,53,,,,,,,,,
Hungary,2004,T,40,,,,,,,,,
Hungary,2008,T,27,,,,,,,,,
Hungary,2012,T,26,,,,,,,,,
Iceland,1948,T,0,,,,,,,,,
Iceland,1952,T,0,,,,,,,,,
Iceland,1956,T,1,,,,,,,,,
Iceland,1960,T,0,,,,,,,,,
Iceland,1964,T,0,,,,,,,,,
Iceland,1968,T,0,,,,,,,,,
Iceland,1972,T,0,,,,,,,,,
Iceland,1976,T,0,,,,,,,,,
Iceland,1980,T,0,,,,,,,,,
Iceland,1984,T,1,,,,,,,,,
Iceland,1988,T,0,,,,,,,,,
Iceland,1992,T,0,,,,,,,,,
Iceland,1996,T,0,,,,,,,,,
Iceland,2000,T,1,,,,,,,,,
Iceland,2004,T,0,,,,,,,,,
Iceland,2008,T,14,,,,,,,,,
Iceland,2012,T,0,,,,,,,,,
India,1948,F,20,,,,,,,,,
India,1952,F,15,,,,,,,,,
India,1956,F,17,,,,,,,,,
India,1960,F,13,,,,,,,,,
India,1964,F,15,,,,,,,,,
India,1968,F,15,,,,,,,,,
India,1972,F,14,,,,,,,,,
India,1976,F,0,,,,,,,,,
India,1980,F,16,,,,,,,,,
India,1984,F,0,,,,,,,,,
India,1988,F,0,,,,,,,,,
India,1992,F,0,,,,,,,,,
India,1996,F,1,,,,,,,,,
India,2000,F,1,,,,,,,,,
India,2004,F,1,,,,,,,,,
India,2008,F,3,,,,,,,,,
India,2012,F,6,,,,,,,,,
Indonesia,1948,F,0,,,,,,,,,
Indonesia,1952,F,0,,,,,,,,,
Indonesia,1956,F,0,,,,,,,,,
Indonesia,1960,F,0,,,,,,,,,
Indonesia,1964,F,0,,,,,,,,,
Indonesia,1968,F,0,,,,,,,,,
Indonesia,1972,F,0,,,,,,,,,
Indonesia,1976,F,0,,,,,,,,,
Indonesia,1980,F,0,,,,,,,,,
Indonesia,1984,F,0,,,,,,,,,
Indonesia,1988,F,3,,,,,,,,,
Indonesia,1992,F,6,,,,,,,,,
Indonesia,1996,F,6,,,,,,,,,
Indonesia,2000,F,8,,,,,,,,,
Indonesia,2004,F,5,,,,,,,,,
Indonesia,2008,F,7,,,,,,,,,
Indonesia,2012,F,3,,,,,,,,,
Iran,1948,F,1,,,,,,,,,
Iran,1952,F,7,,,,,,,,,
Iran,1956,F,5,,,,,,,,,
Iran,1960,F,4,,,,,,,,,
Iran,1964,F,2,,,,,,,,,
Iran,1968,F,5,,,,,,,,,
Iran,1972,F,3,,,,,,,,,
Iran,1976,F,2,,,,,,,,,
Iran,1980,F,0,,,,,,,,,
Iran,1984,F,0,,,,,,,,,
Iran,1988,F,1,,,,,,,,,
Iran,1992,F,3,,,,,,,,,
Iran,1996,F,3,,,,,,,,,
Iran,2000,F,4,,,,,,,,,
Iran,2004,F,6,,,,,,,,,
Iran,2008,F,2,,,,,,,,,
Iran,2012,F,13,,,,,,,,,
Iraq,1948,F,0,,,,,,,,,
Iraq,1952,F,0,,,,,,,,,
Iraq,1956,F,0,,,,,,,,,
Iraq,1960,F,1,,,,,,,,,
Iraq,1964,F,0,,,,,,,,,
Iraq,1968,F,0,,,,,,,,,
Iraq,1972,F,0,,,,,,,,,
Iraq,1976,F,0,,,,,,,,,
Iraq,1980,F,0,,,,,,,,,
Iraq,1984,F,0,,,,,,,,,
Iraq,1988,F,0,,,,,,,,,
Iraq,1992,F,0,,,,,,,,,
Iraq,1996,F,0,,,,,,,,,
Iraq,2000,F,0,,,,,,,,,
Iraq,2004,F,0,,,,,,,,,
Iraq,2008,F,0,,,,,,,,,
Iraq,2012,F,0,,,,,,,,,
Ireland,1948,T,0,,,,,,,,,
Ireland,1952,T,1,,,,,,,,,
Ireland,1956,T,5,,,,,,,,,
Ireland,1960,T,0,,,,,,,,,
Ireland,1964,T,1,,,,,,,,,
Ireland,1968,T,0,,,,,,,,,
Ireland,1972,T,0,,,,,,,,,
Ireland,1976,T,0,,,,,,,,,
Ireland,1980,T,3,,,,,,,,,
Ireland,1984,T,1,,,,,,,,,
Ireland,1988,T,0,,,,,,,,,
Ireland,1992,T,2,,,,,,,,,
Ireland,1996,T,4,,,,,,,,,
Ireland,2000,T,1,,,,,,,,,
Ireland,2004,T,0,,,,,,,,,
Ireland,2008,T,3,,,,,,,,,
Ireland,2012,T,6,,,,,T,,,,
Israel,1948,F,0,,,,,,,,,
Israel,1952,F,0,,,,,,,,,
Israel,1956,F,0,,,,,,,,,
Israel,1960,T,0,,,,,,,,,
Israel,1964,T,0,,,,,,,,,
Israel,1968,T,0,,,,,,,,,
Israel,1972,T,0,,,,,,,,,
Israel,1976,T,0,,,,,,,,,
Israel,1980,T,0,,,,,,,,,
Israel,1984,T,0,,,,,,,,,
Israel,1988,T,0,,,,,,,,,
Israel,1992,T,2,,,,,,,,,
Israel,1996,T,1,,,,,,,,,
Israel,2000,T,1,,,,,,,,,
Israel,2004,T,2,,,,,,,,,
Israel,2008,T,1,,,,,,,,,
Israel,2012,T,0,,,,,,,,,
Italy,1948,F,63,,,,,,,,,
Italy,1952,F,53,,,,,,,,,
Italy,1956,F,46,,,,,,,,,
Italy,1960,F,88,,,,,,,,,
Italy,1964,F,50,,,,,,,,,
Italy,1968,F,32,,,,,,,,,
Italy,1972,T,25,,,,,,,,,
Italy,1976,T,31,,,,,,,,,
Italy,1980,T,37,,,,,,,,,
Italy,1984,T,63,,,,,,,,,
Italy,1988,T,29,,,,,,,,,
Italy,1992,T,46,,,,,,,,,
Italy,1996,T,71,,,,,,,,,
Italy,2000,T,65,,,,,,,,,
Italy,2004,T,102,,,,,,,,,
Italy,2008,T,42,,,,,,,,,
Italy,2012,T,68,,,,,,,,,
Ivory Coast,1948,F,0,,,,,,,,,
Ivory Coast,1952,F,0,,,,,,,,,
Ivory Coast,1956,F,0,,,,,,,,,
Ivory Coast,1960,F,0,,,,,,,,,
Ivory Coast,1964,F,0,,,,,,,,,
Ivory Coast,1968,F,0,,,,,,,,,
Ivory Coast,1972,F,0,,,,,,,,,
Ivory Coast,1976,F,0,,,,,,,,,
Ivory Coast,1980,F,0,,,,,,,,,
Ivory Coast,1984,F,1,,,,,,,,,
Ivory Coast,1988,F,0,,,,,,,,,
Ivory Coast,1992,F,0,,,,,,,,,
Ivory Coast,1996,F,0,,,,,,,,,
Ivory Coast,2000,F,0,,,,,,,,,
Ivory Coast,2004,F,0,,,,,,,,,
Ivory Coast,2008,F,0,,,,,,,,,
Ivory Coast,2012,F,0,,,,,,,,,
Jamaica,1948,F,3,,,,,,,,,
Jamaica,1952,F,8,,,,,,,,,
Jamaica,1956,F,0,,,,,,,,,
Jamaica,1960,F,0,,,,,,,,,
Jamaica,1964,F,0,,,,,,,,,
Jamaica,1968,F,1,,,,,,,,,
Jamaica,1972,F,1,,,,,,,,,
Jamaica,1976,F,2,,,,,,,,,
Jamaica,1980,F,3,,,,,,,,,
Jamaica,1984,F,6,,,,,,,,,
Jamaica,1988,F,5,,,,,,,,,
Jamaica,1992,F,4,,,,,,,,,
Jamaica,1996,F,16,,,,,,,,,
Jamaica,2000,F,23,,,,,,,,,
Jamaica,2004,F,13,,,,,,,,,
Jamaica,2008,F,17,,,,,,,,,
Jamaica,2012,F,25,,,,,,,,,
Japan,1948,F,0,,,,,,,,,
Japan,1952,F,12,,,,,,,,,
Japan,1956,F,24,,,,,,,,,
Japan,1960,T,29,,,,,,,,,
Japan,1964,T,64,,,,,,,,,
Japan,1968,T,67,,,,,,,,,
Japan,1972,T,56,,,,,,,,,
Japan,1976,T,41,,,,,,,,,
Japan,1980,T,0,,,,,,,,,
Japan,1984,T,49,,,,,,,,,
Japan,1988,T,20,,,,,,,,,
Japan,1992,T,47,,,,,,,,,
Japan,1996,T,43,,,,,,,,,
Japan,2000,T,43,,,,,,,,,
Japan,2004,T,94,,,,,,,,,
Japan,2008,T,51,,,,,,,,,
Japan,2012,T,84,,,,,,,,,
Kazakhstan,1948,F,0,,,,,,,,,
Kazakhstan,1952,F,0,,,,,,,,,
Kazakhstan,1956,F,0,,,,,,,,,
Kazakhstan,1960,F,0,,,,,,,,,
Kazakhstan,1964,F,0,,,,,,,,,
Kazakhstan,1968,F,0,,,,,,,,,
Kazakhstan,1972,F,0,,,,,,,,,
Kazakhstan,1976,F,0,,,,,,,,,
Kazakhstan,1980,F,0,,,,,,,,,
Kazakhstan,1984,F,0,,,,,,,,,
Kazakhstan,1988,F,0,,,,,,,,,
Kazakhstan,1992,F,0,,,,,,,,,
Kazakhstan,1996,F,11,,,,,,,,,
Kazakhstan,2000,F,7,,,,,,,,,
Kazakhstan,2004,F,8,,,,,,,,,
Kazakhstan,2008,T,13,,,,,,,,,
Kazakhstan,2012,T,10,,,,,,,,,
Kenya,1948,F,0,,,,,,,,,
Kenya,1952,F,0,,,,,,,,,
Kenya,1956,F,0,,,,,,,,,
Kenya,1960,F,0,,,,,,,,,
Kenya,1964,F,1,,,,,,,,,
Kenya,1968,F,12,,,,,,,,,
Kenya,1972,F,12,,,,,,,,,
Kenya,1976,F,0,,,,,,,,,
Kenya,1980,F,0,,,,,,,,,
Kenya,1984,F,3,,,,,,,,,
Kenya,1988,F,9,,,,,,,,,
Kenya,1992,F,8,,,,,,,,,
Kenya,1996,F,8,,,,,,,,,
Kenya,2000,F,7,,,,,,,,,
Kenya,2004,F,7,,,,,,,,,
Kenya,2008,F,14,,,,,,,,,
Kenya,2012,F,12,,,,,,,,,
Kuwait,1948,F,0,,,,,,,,,
Kuwait,1952,F,0,,,,,,,,,
Kuwait,1956,F,0,,,,,,,,,
Kuwait,1960,F,0,,,,,,,,,
Kuwait,1964,F,0,,,,,,,,,
Kuwait,1968,F,0,,,,,,,,,
Kuwait,1972,F,0,,,,,,,,,
Kuwait,1976,F,0,,,,,,,,,
Kuwait,1980,F,0,,,,,,,,,
Kuwait,1984,F,0,,,,,,,,,
Kuwait,1988,F,0,,,,,,,,,
Kuwait,1992,F,0,,,,,,,,,
Kuwait,1996,F,0,,,,,,,,,
Kuwait,2000,F,1,,,,,,,,,
Kuwait,2004,F,0,,,,,,,,,
Kuwait,2008,F,0,,,,,,,,,
Kuwait,2012,F,1,,,,,,,,,
Kyrgyzstan,1948,F,0,,,,,,,,,
Kyrgyzstan,1952,F,0,,,,,,,,,
Kyrgyzstan,1956,F,0,,,,,,,,,
Kyrgyzstan,1960,F,0,,,,,,,,,
Kyrgyzstan,1964,F,0,,,,,,,,,
Kyrgyzstan,1968,F,0,,,,,,,,,
Kyrgyzstan,1972,F,0,,,,,,,,,
Kyrgyzstan,1976,F,0,,,,,,,,,
Kyrgyzstan,1980,F,0,,,,,,,,,
Kyrgyzstan,1984,F,0,,,,,,,,,
Kyrgyzstan,1988,F,0,,,,,,,,,
Kyrgyzstan,1992,F,0,,,,,,,,,
Kyrgyzstan,1996,F,0,,,,,,,,,
Kyrgyzstan,2000,F,1,,,,,,,,,
Kyrgyzstan,2004,F,0,,,,,,,,,
Kyrgyzstan,2008,F,2,,,,,,,,,
Kyrgyzstan,2012,F,0,,,,,,,,,
Latvia,1948,F,0,,,,,,,,,
Latvia,1952,F,0,,,,,,,,,
Latvia,1956,F,0,,,,,,,,,
Latvia,1960,F,0,,,,,,,,,
Latvia,1964,F,0,,,,,,,,,
Latvia,1968,F,0,,,,,,,,,
Latvia,1972,F,0,,,,,,,,,
Latvia,1976,F,0,,,,,,,,,
Latvia,1980,F,0,,,,,,,,,
Latvia,1984,F,0,,,,,,,,,
Latvia,1988,F,0,,,,,,,,,
Latvia,1992,F,3,,,,,,,,,
Latvia,1996,F,1,,,,,,,,,
Latvia,2000,F,3,,,,,,,,,
Latvia,2004,F,4,,,,,,,,,
Latvia,2008,T,3,,,,,,,,,
Latvia,2012,T,3,,,,,,,,,
Lebanon,1948,F,0,,,,,,,,,
Lebanon,1952,F,0,,,,,,,,,
Lebanon,1956,F,0,,,,,,,,,
Lebanon,1960,F,0,,,,,,,,,
Lebanon,1964,F,0,,,,,,,,,
Lebanon,1968,F,0,,,,,,,,,
Lebanon,1972,F,0,,,,,,,,,
Lebanon,1976,F,0,,,,,,,,,
Lebanon,1980,F,0,,,,,,,,,
Lebanon,1984,F,0,,,,,,,,,
Lebanon,1988,F,0,,,,,,,,,
Lebanon,1992,F,0,,,,,,,,,
Lebanon,1996,F,0,,,,,,,,,
Lebanon,2000,F,0,,,,,,,,,
Lebanon,2004,F,0,,,,,,,,,
Lebanon,2008,F,0,,,,,,,,,
Lebanon,2012,F,0,,,,,,,,,
Lithuania,1948,F,0,,,,,,,,,
Lithuania,1952,F,0,,,,,,,,,
Lithuania,1956,F,0,,,,,,,,,
Lithuania,1960,F,0,,,,,,,,,
Lithuania,1964,F,0,,,,,,,,,
Lithuania,1968,F,0,,,,,,,,,
Lithuania,1972,F,0,,,,,,,,,
Lithuania,1976,F,0,,,,,,,,,
Lithuania,1980,F,0,,,,,,,,,
Lithuania,1984,F,0,,,,,,,,,
Lithuania,1988,F,0,,,,,,,,,
Lithuania,1992,F,13,,,,,,,,,
Lithuania,1996,F,12,,,,,,,,,
Lithuania,2000,F,17,,,,,,,,,
Lithuania,2004,F,3,,,,,,,,,
Lithuania,2008,T,5,,,,,,,,,
Lithuania,2012,T,5,,,,,,,,,
Luxembourg,1948,T,0,,,,,,,,,
Luxembourg,1952,T,0,,,,,,,,,
Luxembourg,1956,T,0,,,,,,,,,
Luxembourg,1960,T,0,,,,,,,,,
Luxembourg,1964,T,0,,,,,,,,,
Luxembourg,1968,T,0,,,,,,,,,
Luxembourg,1972,T,0,,,,,,,,,
Luxembourg,1976,T,0,,,,,,,,,
Luxembourg,1980,T,0,,,,,,,,,
Luxembourg,1984,T,0,,,,,,,,,
Luxembourg,1988,T,0,,,,,,,,,
Luxembourg,1992,T,0,,,,,,,,,
Luxembourg,1996,T,0,,,,,,,,,
Luxembourg,2000,T,0,,,,,,,,,
Luxembourg,2004,T,0,,,,,,,,,
Luxembourg,2008,T,0,,,,,,,,,
Luxembourg,2012,T,0,,,,,,,,,
Macedonia,1948,F,0,,,,,,,,,
Macedonia,1952,F,0,,,,,,,,,
Macedonia,1956,F,0,,,,,,,,,
Macedonia,1960,F,0,,,,,,,,,
Macedonia,1964,F,0,,,,,,,,,
Macedonia,1968,F,0,,,,,,,,,
Macedonia,1972,F,0,,,,,,,,,
Macedonia,1976,F,0,,,,,,,,,
Macedonia,1980,F,0,,,,,,,,,
Macedonia,1984,F,0,,,,,,,,,
Macedonia,1988,F,0,,,,,,,,,
Macedonia,1992,F,0,,,,,,,,,
Macedonia,1996,F,0,,,,,,,,,
Macedonia,2000,F,1,,,,,,,,,
Macedonia,2004,F,0,,,,,,,,,
Macedonia,2008,F,0,,,,,,,,,
Macedonia,2012,F,0,,,,,,,,,
Malaysia,1948,F,0,,,,,,,,,
Malaysia,1952,F,0,,,,,,,,,
Malaysia,1956,F,0,,,,,,,,,
Malaysia,1960,F,0,,,,,,,,,
Malaysia,1964,F,0,,,,,,,,,
Malaysia,1968,F,0,,,,,,,,,
Malaysia,1972,F,0,,,,,,,,,
Malaysia,1976,F,0,,,,,,,,,
Malaysia,1980,F,0,,,,,,,,,
Malaysia,1984,F,0,,,,,,,,,
Malaysia,1988,F,0,,,,,,,,,
Malaysia,1992,F,2,,,,,,,,,
Malaysia,1996,F,3,,,,,,,,,
Malaysia,2000,T,0,,,,,,,,,
Malaysia,2004,T,0,,,,,,,,,
Malaysia,2008,T,1,,,,,,,,,
Malaysia,2012,T,2,,,,,,,,,
Mauritius,1948,F,0,,,,,,,,,
Mauritius,1952,F,0,,,,,,,,,
Mauritius,1956,F,0,,,,,,,,,
Mauritius,1960,F,0,,,,,,,,,
Mauritius,1964,F,0,,,,,,,,,
Mauritius,1968,F,0,,,,,,,,,
Mauritius,1972,F,0,,,,,,,,,
Mauritius,1976,F,0,,,,,,,,,
Mauritius,1980,F,0,,,,,,,,,
Mauritius,1984,F,0,,,,,,,,,
Mauritius,1988,F,0,,,,,,,,,
Mauritius,1992,F,0,,,,,,,,,
Mauritius,1996,F,0,,,,,,,,,
Mauritius,2000,F,0,,,,,,,,,
Mauritius,2004,F,0,,,,,,,,,
Mauritius,2008,F,1,,,,,,,,,
Mauritius,2012,F,0,,,,,,,,,
Mexico,1948,F,9,,,,,,,,,
Mexico,1952,F,1,,,,,,,,,
Mexico,1956,F,2,,,,,,,,,
Mexico,1960,F,1,,,,,,,,,
Mexico,1964,F,1,,,,,,,,,
Mexico,1968,F,9,,,,,,,,,
Mexico,1972,F,1,,,,,,,,,
Mexico,1976,F,2,,,,,,,,,
Mexico,1980,F,12,,,,,,,,,
Mexico,1984,F,6,,,,,,,,,
Mexico,1988,F,2,,,,,,,,,
Mexico,1992,F,1,,,,,,,,,
Mexico,1996,F,1,,,,,,,,,
Mexico,2000,F,6,,,,,,,,,
Mexico,2004,F,4,,,,,,,,,
Mexico,2008,F,4,,,,,,,,,
Mexico,2012,F,26,,,,,,,,,
Moldova,1948,F,0,,,,,,,,,
Moldova,1952,F,0,,,,,,,,,
Moldova,1956,F,0,,,,,,,,,
Moldova,1960,F,0,,,,,,,,,
Moldova,1964,F,0,,,,,,,,,
Moldova,1968,F,0,,,,,,,,,
Moldova,1972,F,0,,,,,,,,,
Moldova,1976,F,0,,,,,,,,,
Moldova,1980,F,0,,,,,,,,,
Moldova,1984,F,0,,,,,,,,,
Moldova,1988,F,0,,,,,,,,,
Moldova,1992,F,0,,,,,,,,,
Moldova,1996,F,0,,,,,,,,,
Moldova,2000,F,0,,,,,,,,,
Moldova,2004,F,0,,,,,,,,,
Moldova,2008,F,0,,,,,,,,,
Moldova,2012,F,0,,,,,,,,,
Mongolia,1948,F,0,,,,,,,,,
Mongolia,1952,F,0,,,,,,,,,
Mongolia,1956,F,0,,,,,,,,,
Mongolia,1960,F,0,,,,,,,,,
Mongolia,1964,F,0,,,,,,,,,
Mongolia,1968,F,4,,,,,,,,,
Mongolia,1972,F,1,,,,,,,,,
Mongolia,1976,F,1,,,,,,,,,
Mongolia,1980,F,4,,,,,,,,,
Mongolia,1984,F,0,,,,,,,,,
Mongolia,1988,F,1,,,,,,,,,
Mongolia,1992,F,2,,,,,,,,,
Mongolia,1996,F,1,,,,,,,,,
Mongolia,2000,F,0,,,,,,,,,
Mongolia,2004,F,1,,,,,,,,,
Mongolia,2008,F,4,,,,,,,,,
Mongolia,2012,F,5,,,,,,,,,
Montenegro,1948,F,0,,,,,,,,,
Montenegro,1952,F,0,,,,,,,,,
Montenegro,1956,F,0,,,,,,,,,
Montenegro,1960,F,0,,,,,,,,,
Montenegro,1964,F,0,,,,,,,,,
Montenegro,1968,F,0,,,,,,,,,
Montenegro,1972,F,0,,,,,,,,,
Montenegro,1976,F,0,,,,,,,,,
Montenegro,1980,F,0,,,,,,,,,
Montenegro,1984,F,0,,,,,,,,,
Montenegro,1988,F,0,,,,,,,,,
Montenegro,1992,F,0,,,,,,,,,
Montenegro,1996,F,0,,,,,,,,,
Montenegro,2000,F,0,,,,,,,,,
Montenegro,2004,F,0,,,,,,,,,
Montenegro,2008,F,0,,,,,,,,,
Montenegro,2012,F,14,,,,,,,,,
Morocco,1948,F,0,,,,,,,,,
Morocco,1952,F,0,,,,,,,,,
Morocco,1956,F,0,,,,,,,,,
Morocco,1960,F,1,,,,,,,,,
Morocco,1964,F,0,,,,,,,,,
Morocco,1968,F,0,,,,,,,,,
Morocco,1972,F,0,,,,,,,,,
Morocco,1976,F,0,,,,,,,,,
Morocco,1980,F,0,,,,,,,,,
Morocco,1984,F,2,,,,,,,,,
Morocco,1988,F,3,,,,,,,,,
Morocco,1992,F,3,,,,,,,,,
Morocco,1996,F,2,,,,,,,,,
Morocco,2000,F,5,,,,,,,,,
Morocco,2004,F,3,,,,,,,,,
Morocco,2008,F,2,,,,,,,,,
Morocco,2012,F,1,,,,,,,,,
Mozambique,1948,F,0,,,,,,,,,
Mozambique,1952,F,0,,,,,,,,,
Mozambique,1956,F,0,,,,,,,,,
Mozambique,1960,F,0,,,,,,,,,
Mozambique,1964,F,0,,,,,,,,,
Mozambique,1968,F,0,,,,,,,,,
Mozambique,1972,F,0,,,,,,,,,
Mozambique,1976,F,0,,,,,,,,,
Mozambique,1980,F,0,,,,,,,,,
Mozambique,1984,F,0,,,,,,,,,
Mozambique,1988,F,0,,,,,,,,,
Mozambique,1992,F,0,,,,,,,,,
Mozambique,1996,F,1,,,,,,,,,
Mozambique,2000,F,1,,,,,,,,,
Mozambique,2004,F,0,,,,,,,,,
Mozambique,2008,F,0,,,,,,,,,
Mozambique,2012,F,0,,,,,,,,,
Namibia,1948,F,0,,,,,,,,,
Namibia,1952,F,0,,,,,,,,,
Namibia,1956,F,0,,,,,,,,,
Namibia,1960,F,0,,,,,,,,,
Namibia,1964,F,0,,,,,,,,,
Namibia,1968,F,0,,,,,,,,,
Namibia,1972,F,0,,,,,,,,,
Namibia,1976,F,0,,,,,,,,,
Namibia,1980,F,0,,,,,,,,,
Namibia,1984,F,0,,,,,,,,,
Namibia,1988,F,0,,,,,,,,,
Namibia,1992,F,2,,,,,,,,,
Namibia,1996,F,2,,,,,,,,,
Namibia,2000,F,0,,,,,,,,,
Namibia,2004,F,0,,,,,,,,,
Namibia,2008,F,0,,,,,,,,,
Namibia,2012,F,0,,,,,,,,,
Netherlands,1948,T,42,,,,,,,,,
Netherlands,1952,T,18,,,,,,,,,
Netherlands,1956,T,0,,,,,,,,,
Netherlands,1960,T,3,,,,,,,,,
Netherlands,1964,T,30,,,,,,,,,
Netherlands,1968,T,14,,,,,,,,,
Netherlands,1972,T,6,,,,,,,,,
Netherlands,1976,T,15,,,,,,,,,
Netherlands,1980,T,6,,,,,,,,,
Netherlands,1984,T,40,,,,,,,,,
Netherlands,1988,T,44,,,,,,,,,
Netherlands,1992,T,33,,,,,,,,,
Netherlands,1996,T,73,,,,,,,,,
Netherlands,2000,T,79,,,,,,,,,
Netherlands,2004,T,76,,,,,,,,,
Netherlands,2008,T,62,,,,,,,,,
Netherlands,2012,T,69,,,,,,,,,
New Zealand,1948,T,0,,,,,,,,,
New Zealand,1952,T,3,,,,,,,,,
New Zealand,1956,T,3,,,,,,,,,
New Zealand,1960,T,3,,,,,,,,,
New Zealand,1964,T,6,,,,,,,,,
New Zealand,1968,T,7,,,,,,,,,
New Zealand,1972,T,14,,,,,,,,,
New Zealand,1976,T,27,,,,,,,,,
New Zealand,1980,T,0,,,,,,,,,
New Zealand,1984,T,23,,,,,,,,,
New Zealand,1988,T,24,,,,,,,,,
New Zealand,1992,T,15,,,,,,,,,
New Zealand,1996,T,9,,,,,,,,,
New Zealand,2000,T,4,,,,,,,,,
New Zealand,2004,T,6,,,,,,,,,
New Zealand,2008,T,14,,,,,,,,,
New Zealand,2012,T,26,,,,,,,,,
Niger,1948,F,0,,,,,,,,,
Niger,1952,F,0,,,,,,,,,
Niger,1956,F,0,,,,,,,,,
Niger,1960,F,0,,,,,,,,,
Niger,1964,F,0,,,,,,,,,
Niger,1968,F,0,,,,,,,,,
Niger,1972,F,1,,,,,,,,,
Niger,1976,F,0,,,,,,,,,
Niger,1980,F,0,,,,,,,,,
Niger,1984,F,0,,,,,,,,,
Niger,1988,F,0,,,,,,,,,
Niger,1992,F,0,,,,,,,,,
Niger,1996,F,0,,,,,,,,,
Niger,2000,F,0,,,,,,,,,
Niger,2004,F,0,,,,,,,,,
Niger,2008,F,0,,,,,,,,,
Niger,2012,F,0,,,,,,,,,
Nigeria,1948,F,0,,,,,,,,,
Nigeria,1952,F,0,,,,,,,,,
Nigeria,1956,F,0,,,,,,,,,
Nigeria,1960,F,0,,,,,,,,,
Nigeria,1964,F,1,,,,,,,,,
Nigeria,1968,F,0,,,,,,,,,
Nigeria,1972,F,1,,,,,,,,,
Nigeria,1976,F,0,,,,,,,,,
Nigeria,1980,F,0,,,,,,,,,
Nigeria,1984,F,5,,,,,,,,,
Nigeria,1988,F,0,,,,,,,,,
Nigeria,1992,F,11,,,,,,,,,
Nigeria,1996,F,26,,,,,,,,,
Nigeria,2000,F,8,,,,,,,,,
Nigeria,2004,F,8,,,,,,,,,
Nigeria,2008,F,24,,,,,,,,,
Nigeria,2012,F,0,,,,,,,,,
North Korea,1948,F,0,,,,,,,,,
North Korea,1952,F,0,,,,,,,,,
North Korea,1956,F,0,,,,,,,,,
North Korea,1960,F,0,,,,,,,,,
North Korea,1964,F,0,,,,,,,,,
North Korea,1968,F,0,,,,,,,,,
North Korea,1972,F,15,,,,,,,,,
North Korea,1976,F,2,,,,,,,,,
North Korea,1980,F,5,,,,,,,,,
North Korea,1984,F,0,,,,,,,,,
North Korea,1988,F,0,,,,,,,,,
North Korea,1992,F,10,,,,,,,,,
North Korea,1996,F,5,,,,,,,,,
North Korea,2000,F,4,,,,,,,,,
North Korea,2004,F,5,,,,,,,,,
North Korea,2008,F,6,,,,,,,,,
North Korea,2012,F,6,,,,,,,,,
Norway,1948,T,18,,,,,,,,,
Norway,1952,T,13,,,,,,,,,
Norway,1956,T,3,,,,,,,,,
Norway,1960,T,2,,,,,,,,,
Norway,1964,T,0,,,,,,,,,
Norway,1968,T,6,,,,,,,,,
Norway,1972,T,8,,,,,,,,,
Norway,1976,T,6,,,,,,,,,
Norway,1980,T,0,,,,,,,,,
Norway,1984,T,4,,,,,,,,,
Norway,1988,T,23,,,,,,,,,
Norway,1992,T,23,,,,,,,,,
Norway,1996,T,25,,,,,,,,,
Norway,2000,T,44,,,,,,,,,
Norway,2004,T,7,,,,,,,,,
Norway,2008,T,22,,,,,,,,,
Norway,2012,T,17,,,,,,,,,
Pakistan,1948,F,0,,,,,,,,,
Pakistan,1952,F,0,,,,,,,,,
Pakistan,1956,F,14,,,,,,,,,
Pakistan,1960,F,14,,,,,,,,,
Pakistan,1964,F,16,,,,,,,,,
Pakistan,1968,F,13,,,,,,,,,
Pakistan,1972,F,15,,,,,,,,,
Pakistan,1976,F,16,,,,,,,,,
Pakistan,1980,F,0,,,,,,,,,
Pakistan,1984,F,16,,,,,,,,,
Pakistan,1988,F,1,,,,,,,,,
Pakistan,1992,F,16,,,,,,,,,
Pakistan,1996,F,0,,,,,,,,,
Pakistan,2000,F,0,,,,,,,,,
Pakistan,2004,F,0,,,,,,,,,
Pakistan,2008,F,0,,,,,,,,,
Pakistan,2012,F,0,,,,,,,,,
Panama,1948,F,2,,,,,,,,,
Panama,1952,F,0,,,,,,,,,
Panama,1956,F,0,,,,,,,,,
Panama,1960,F,0,,,,,,,,,
Panama,1964,F,0,,,,,,,,,
Panama,1968,F,0,,,,,,,,,
Panama,1972,F,0,,,,,,,,,
Panama,1976,F,0,,,,,,,,,
Panama,1980,F,0,,,,,,,,,
Panama,1984,F,0,,,,,,,,,
Panama,1988,F,0,,,,,,,,,
Panama,1992,F,0,,,,,,,,,
Panama,1996,F,0,,,,,,,,,
Panama,2000,F,0,,,,,,,,,
Panama,2004,F,0,,,,,,,,,
Panama,2008,F,1,,,,,,,,,
Panama,2012,F,0,,,,,,,,,
Paraguay,1948,F,0,,,,,,,,,
Paraguay,1952,F,0,,,,,,,,,
Paraguay,1956,F,0,,,,,,,,,
Paraguay,1960,F,0,,,,,,,,,
Paraguay,1964,F,0,,,,,,,,,
Paraguay,1968,F,0,,,,,,,,,
Paraguay,1972,F,0,,,,,,,,,
Paraguay,1976,F,0,,,,,,,,,
Paraguay,1980,F,0,,,,,,,,,
Paraguay,1984,F,0,,,,,,,,,
Paraguay,1988,F,0,,,,,,,,,
Paraguay,1992,F,0,,,,,,,,,
Paraguay,1996,F,0,,,,,,,,,
Paraguay,2000,F,0,,,,,,,,,
Paraguay,2004,F,17,,,,,,,,,
Paraguay,2008,F,0,,,,,,,,,
Paraguay,2012,F,0,,,,,,,,,
Peru,1948,F,1,,,,,,,,,
Peru,1952,F,0,,,,,,,,,
Peru,1956,F,0,,,,,,,,,
Peru,1960,F,0,,,,,,,,,
Peru,1964,F,0,,,,,,,,,
Peru,1968,F,0,,,,,,,,,
Peru,1972,F,0,,,,,,,,,
Peru,1976,F,0,,,,,,,,,
Peru,1980,F,0,,,,,,,,,
Peru,1984,F,1,,,,,,,,,
Peru,1988,F,12,,,,,,,,,
Peru,1992,F,1,,,,,,,,,
Peru,1996,F,0,,,,,,,,,
Peru,2000,F,0,,,,,,,,,
Peru,2004,F,0,,,,,,,,,
Peru,2008,F,0,,,,,,,,,
Peru,2012,F,0,,,,,,,,,
Philippines,1948,F,0,,,,,,,,,
Philippines,1952,F,0,,,,,,,,,
Philippines,1956,F,0,,,,,,,,,
Philippines,1960,F,0,,,,,,,,,
Philippines,1964,F,1,,,,,,,,,
Philippines,1968,F,0,,,,,,,,,
Philippines,1972,F,0,,,,,,,,,
Philippines,1976,F,0,,,,,,,,,
Philippines,1980,F,0,,,,,,,,,
Philippines,1984,F,0,,,,,,,,,
Philippines,1988,F,1,,,,,,,,,
Philippines,1992,F,1,,,,,,,,,
Philippines,1996,F,1,,,,,,,,,
Philippines,2000,F,0,,,,,,,,,
Philippines,2004,F,0,,,,,,,,,
Philippines,2008,F,0,,,,,,,,,
Philippines,2012,F,0,,,,,,,,,
Poland,1948,F,1,,,,,,,,,
Poland,1952,F,4,,,,,,,,,
Poland,1956,F,19,,,,,,,,,
Poland,1960,F,30,,,,,,,,,
Poland,1964,F,48,,,,,,,,,
Poland,1968,F,37,,,,,,,,,
Poland,1972,F,46,,,,,,,,,
Poland,1976,F,73,,,,,,,,,
Poland,1980,F,50,,,,,,,,,
Poland,1984,F,0,,,,,,,,,
Poland,1988,F,21,,,,,,,,,
Poland,1992,F,42,,,,,,,,,
Poland,1996,F,21,,,,,,,,,
Poland,2000,T,24,,,,,,,,,
Poland,2004,T,12,,,,,,,,,
Poland,2008,T,20,,,,,,,,,
Poland,2012,T,12,,,,,,,,,
Portugal,1948,F,5,,,,,,,,,
Portugal,1952,F,2,,,,,,,,,
Portugal,1956,F,0,,,,,,,,,
Portugal,1960,F,2,,,,,,,,,
Portugal,1964,F,0,,,,,,,,,
Portugal,1968,F,0,,,,,,,,,
Portugal,1972,F,0,,,,,,,,,
Portugal,1976,F,2,,,,,,,,,
Portugal,1980,F,0,,,,,,,,,
Portugal,1984,F,3,,,,,,,,,
Portugal,1988,F,1,,,,,,,,,
Portugal,1992,F,0,,,,,,,,,
Portugal,1996,F,3,,,,,,,,,
Portugal,2000,F,2,,,,,,,,,
Portugal,2004,F,3,,,,,,,,,
Portugal,2008,F,2,,,,,,,,,
Portugal,2012,F,2,,,,,,,,,
Puerto Rico,1948,F,1,,,,,,,,,
Puerto Rico,1952,F,0,,,,,,,,,
Puerto Rico,1956,F,0,,,,,,,,,
Puerto Rico,1960,F,0,,,,,,,,,
Puerto Rico,1964,F,0,,,,,,,,,
Puerto Rico,1968,F,0,,,,,,,,,
Puerto Rico,1972,F,0,,,,,,,,,
Puerto Rico,1976,F,1,,,,,,,,,
Puerto Rico,1980,F,0,,,,,,,,,
Puerto Rico,1984,F,2,,,,,,,,,
Puerto Rico,1988,F,0,,,,,,,,,
Puerto Rico,1992,F,1,,,,,,,,,
Puerto Rico,1996,F,1,,,,,,,,,
Puerto Rico,2000,F,0,,,,,,,,,
Puerto Rico,2004,F,0,,,,,,,,,
Puerto Rico,2008,F,0,,,,,,,,,
Puerto Rico,2012,F,2,,,,,,,,,
Qatar,1948,F,0,,,,,,,,,
Qatar,1952,F,0,,,,,,,,,
Qatar,1956,F,0,,,,,,,,,
Qatar,1960,F,0,,,,,,,,,
Qatar,1964,F,0,,,,,,,,,
Qatar,1968,F,0,,,,,,,,,
Qatar,1972,T,0,,,,,,,,,
Qatar,1976,T,0,,,,,,,,,
Qatar,1980,T,0,,,,,,,,,
Qatar,1984,T,0,,,,,,,,,
Qatar,1988,T,0,,,,,,,,,
Qatar,1992,F,1,,,,,,,,,
Qatar,1996,F,0,,,,,,,,,
Qatar,2000,F,1,,,,,,,,,
Qatar,2004,F,0,,,,,,,,,
Qatar,2008,F,0,,,,,,,,,
Qatar,2012,F,2,,,,,,,,,
Romania,1948,F,0,,,,,,,,,
Romania,1952,F,4,,,,,,,,,
Romania,1956,F,19,,,,,,,,,
Romania,1960,F,15,,,,,,,,,
Romania,1964,F,16,,,,,,,,,
Romania,1968,F,23,,,,,,,,,
Romania,1972,F,40,,,,,,,,,
Romania,1976,F,55,,,,,,,,,
Romania,1980,F,72,,,,,,,,,
Romania,1984,F,106,,,,,,,,,
Romania,1988,F,51,,,,,,,,,
Romania,1992,T,53,,,,,,,,,
Romania,1996,T,38,,,,,,,,,
Romania,2000,T,46,,,,,,,,,
Romania,2004,T,39,,,,,,,,,
Romania,2008,T,22,,,,,,,,,
Romania,2012,T,16,,,,,,,,,
Russia,1948,F,0,,,,,,,,,
Russia,1952,F,117,,,,,,,,,
Russia,1956,F,169,,,,,,,,,
Russia,1960,F,169,,,,,,,,,
Russia,1964,F,174,,,,,,,,,
Russia,1968,F,188,,,,,,,,,
Russia,1972,F,211,,,,,,,,,
Russia,1976,F,285,,,,,,,,,
Russia,1980,T,442,,,,,,,,,
Russia,1984,T,0,,,,,,,,,
Russia,1988,T,294,,,,,,,,,
Russia,1992,T,0,,,,,,,,,
Russia,1996,T,115,,,,,,,,,
Russia,2000,T,188,,,,,,,,,
Russia,2004,T,192,,,,,,,,,
Russia,2008,T,143,,,,,,,,,
Russia,2012,T,130,,,,,,,,,
Saudi Arabia,1948,F,0,,,,,,,,,
Saudi Arabia,1952,F,0,,,,,,,,,
Saudi Arabia,1956,F,0,,,,,,,,,
Saudi Arabia,1960,F,0,,,,,,,,,
Saudi Arabia,1964,F,0,,,,,,,,,
Saudi Arabia,1968,F,0,,,,,,,,,
Saudi Arabia,1972,F,0,,,,,,,,,
Saudi Arabia,1976,F,0,,,,,,,,,
Saudi Arabia,1980,F,0,,,,,,,,,
Saudi Arabia,1984,F,0,,,,,,,,,
Saudi Arabia,1988,F,0,,,,,,,,,
Saudi Arabia,1992,T,0,,,,,,,,,
Saudi Arabia,1996,T,0,,,,,,,,,
Saudi Arabia,2000,T,2,,,,,,,,,
Saudi Arabia,2004,T,0,,,,,,,,,
Saudi Arabia,2008,T,0,,,,,,,,,
Saudi Arabia,2012,T,4,,,,,,,,,
Senegal,1948,F,0,,,,,,,,,
Senegal,1952,F,0,,,,,,,,,
Senegal,1956,F,0,,,,,,,,,
Senegal,1960,F,0,,,,,,,,,
Senegal,1964,F,0,,,,,,,,,
Senegal,1968,F,0,,,,,,,,,
Senegal,1972,F,0,,,,,,,,,
Senegal,1976,F,0,,,,,,,,,
Senegal,1980,F,0,,,,,,,,,
Senegal,1984,F,0,,,,,,,,,
Senegal,1988,F,1,,,,,,,,,
Senegal,1992,F,0,,,,,,,,,
Senegal,1996,F,0,,,,,,,,,
Senegal,2000,F,0,,,,,,,,,
Senegal,2004,F,0,,,,,,,,,
Senegal,2008,F,0,,,,,,,,,
Senegal,2012,F,0,,,,,,,,,
Serbia,1948,F,16,,,,,,,,,
Serbia,1952,F,24,,,,,,,,,
Serbia,1956,F,23,,,,,,,,,
Serbia,1960,F,17,,,,,,,,,
Serbia,1964,F,15,,,,,,,,,
Serbia,1968,F,29,,,,,,,,,
Serbia,1972,F,18,,,,,,,,,
Serbia,1976,F,19,,,,,,,,,
Serbia,1980,F,57,,,,,,,,,
Serbia,1984,F,87,,,,,,,,,
Serbia,1988,F,63,,,,,,,,,
Serbia,1992,F,0,,,,,,,,,
Serbia,1996,F,26,,,,,,,,,
Serbia,2000,F,26,,,,,,,,,
Serbia,2004,F,0,,,,,,,,,
Serbia,2008,F,15,,,,,,,,,
Serbia,2012,F,16,,,,,,,,,
Singapore,1948,F,0,,,,,,,,,
Singapore,1952,F,0,,,,,,,,,
Singapore,1956,F,0,,,,,,,,,
Singapore,1960,F,1,,,,,,,,,
Singapore,1964,F,0,,,,,,,,,
Singapore,1968,F,0,,,,,,,,,
Singapore,1972,F,0,,,,,,,,,
Singapore,1976,F,0,,,,,,,,,
Singapore,1980,F,0,,,,,,,,,
Singapore,1984,F,0,,,,,,,,,
Singapore,1988,F,0,,,,,,,,,
Singapore,1992,T,0,,,,,,,,,
Singapore,1996,T,0,,,,,,,,,
Singapore,2000,T,0,,,,,,,,,
Singapore,2004,T,0,,,,,,,,,
Singapore,2008,T,3,,,,,,,,,
Singapore,2012,T,4,,,,,,,,,
Slovakia,1948,T,0,,,,,,,,,
Slovakia,1952,T,0,,,,,,,,,
Slovakia,1956,T,0,,,,,,,,,
Slovakia,1960,T,0,,,,,,,,,
Slovakia,1964,T,0,,,,,,,,,
Slovakia,1968,T,0,,,,,,,,,
Slovakia,1972,T,0,,,,,,,,,
Slovakia,1976,T,0,,,,,,,,,
Slovakia,1980,T,0,,,,,,,,,
Slovakia,1984,T,0,,,,,,,,,
Slovakia,1988,T,0,,,,,,,,,
Slovakia,1992,T,0,,,,,,,,,
Slovakia,1996,T,3,,,,,,,,,
Slovakia,2000,T,6,,,,,,,,,
Slovakia,2004,T,10,,,,,,,,,
Slovakia,2008,T,10,,,,,,,,,
Slovakia,2012,T,5,,,,,,,,,
Slovenia,1948,F,0,,,,,,,,,
Slovenia,1952,F,0,,,,,,,,,
Slovenia,1956,F,0,,,,,,,,,
Slovenia,1960,F,0,,,,,,,,,
Slovenia,1964,F,0,,,,,,,,,
Slovenia,1968,F,0,,,,,,,,,
Slovenia,1972,T,0,,,,,,,,,
Slovenia,1976,T,0,,,,,,,,,
Slovenia,1980,T,0,,,,,,,,,
Slovenia,1984,T,0,,,,,,,,,
Slovenia,1988,T,0,,,,,,,,,
Slovenia,1992,T,6,,,,,,,,,
Slovenia,1996,T,2,,,,,,,,,
Slovenia,2000,T,3,,,,,,,,,
Slovenia,2004,T,5,,,,,,,,,
Slovenia,2008,T,5,,,,,,,,,
Slovenia,2012,T,5,,,,,,,,,
South Africa,1948,F,4,,,,,,,,,
South Africa,1952,F,14,,,,,,,,,
South Africa,1956,F,7,,,,,,,,,
South Africa,1960,F,3,,,,,,,,,
South Africa,1964,F,0,,,,,,,,,
South Africa,1968,F,0,,,,,,,,,
South Africa,1972,F,0,,,,,,,,,
South Africa,1976,F,0,,,,,,,,,
South Africa,1980,F,0,,,,,,,,,
South Africa,1984,F,0,,,,,,,,,
South Africa,1988,F,0,,,,,,,,,
South Africa,1992,F,3,,,,,,,,,
South Africa,1996,F,5,,,,,,,,,
South Africa,2000,F,5,,,,,,,,,
South Africa,2004,F,10,,,,,,,,,
South Africa,2008,F,1,,,,,,,,,
South Africa,2012,F,9,,,,,,,,,
South Korea,1948,F,2,,,,,,,,,
South Korea,1952,F,2,,,,,,,,,
South Korea,1956,F,2,,,,,,,,,
South Korea,1960,F,0,,,,,,,,,
South Korea,1964,F,3,,,,,,,,,
South Korea,1968,F,2,,,,,,,,,
South Korea,1972,F,1,,,,,,,,,
South Korea,1976,F,17,,,,,,,,,
South Korea,1980,F,0,,,,,,,,,
South Korea,1984,F,42,,,,,,,,,
South Korea,1988,F,77,,,,,,,,,
South Korea,1992,T,49,,,,,,,,,
South Korea,1996,T,66,,,,,,,,,
South Korea,2000,T,73,,,,,,,,,
South Korea,2004,T,52,,,,,,,,,
South Korea,2008,T,78,,,,,,,,,
South Korea,2012,T,63,,,,,,,,,
Spain,1948,F,3,,,,,,,,,
Spain,1952,F,1,,,,,,,,,
Spain,1956,F,0,,,,,,,,,
Spain,1960,F,14,,,,,,,,,
Spain,1964,F,0,,,,,,,,,
Spain,1968,F,0,,,,,,,,,
Spain,1972,F,1,,,,,,,,,
Spain,1976,F,6,,,,,,,,,
Spain,1980,F,24,,,,,,,,,
Spain,1984,F,19,,,,,,,,,
Spain,1988,T,5,,,,,,,,,
Spain,1992,T,66,,,,,,,,,
Spain,1996,T,67,,,,,,,,,
Spain,2000,T,43,,,,,,,,,
Spain,2004,T,27,,,,,,,,,
Spain,2008,T,71,,,,,,,,,
Spain,2012,T,65,,,,,,,,,
Sri Lanka,1948,F,1,,,,,,,,,
Sri Lanka,1952,F,0,,,,,,,,,
Sri Lanka,1956,F,0,,,,,,,,,
Sri Lanka,1960,F,0,,,,,,,,,
Sri Lanka,1964,F,0,,,,,,,,,
Sri Lanka,1968,F,0,,,,,,,,,
Sri Lanka,1972,F,0,,,,,,,,,
Sri Lanka,1976,F,0,,,,,,,,,
Sri Lanka,1980,F,0,,,,,,,,,
Sri Lanka,1984,F,0,,,,,,,,,
Sri Lanka,1988,F,0,,,,,,,,,
Sri Lanka,1992,F,0,,,,,,,,,
Sri Lanka,1996,F,0,,,,,,,,,
Sri Lanka,2000,F,1,,,,,,,,,
Sri Lanka,2004,F,0,,,,,,,,,
Sri Lanka,2008,F,0,,,,,,,,,
Sri Lanka,2012,F,0,,,,,,,,,
Sudan,1948,F,0,,,,,,,,,
Sudan,1952,F,0,,,,,,,,,
Sudan,1956,F,0,,,,,,,,,
Sudan,1960,F,0,,,,,,,,,
Sudan,1964,F,0,,,,,,,,,
Sudan,1968,F,0,,,,,,,,,
Sudan,1972,F,0,,,,,,,,,
Sudan,1976,F,0,,,,,,,,,
Sudan,1980,F,0,,,,,,,,,
Sudan,1984,F,0,,,,,,,,,
Sudan,1988,F,0,,,,,,,,,
Sudan,1992,F,0,,,,,,,,,
Sudan,1996,F,0,,,,,,,,,
Sudan,2000,F,0,,,,,,,,,
Sudan,2004,F,0,,,,,,,,,
Sudan,2008,F,1,,,,,,,,,
Sudan,2012,F,0,,,,,,,,,
Suriname,1948,F,0,,,,,,,,,
Suriname,1952,F,0,,,,,,,,,
Suriname,1956,F,0,,,,,,,,,
Suriname,1960,F,0,,,,,,,,,
Suriname,1964,F,0,,,,,,,,,
Suriname,1968,F,0,,,,,,,,,
Suriname,1972,F,0,,,,,,,,,
Suriname,1976,F,0,,,,,,,,,
Suriname,1980,F,0,,,,,,,,,
Suriname,1984,F,0,,,,,,,,,
Suriname,1988,F,1,,,,,,,,,
Suriname,1992,F,1,,,,,,,,,
Suriname,1996,F,0,,,,,,,,,
Suriname,2000,F,0,,,,,,,,,
Suriname,2004,F,0,,,,,,,,,
Suriname,2008,F,0,,,,,,,,,
Suriname,2012,F,0,,,,,,,,,
Sweden,1948,T,73,,,,,,,,,
Sweden,1952,T,70,,,,,,,,,
Sweden,1956,T,34,,,,,,,,,
Sweden,1960,T,7,,,,,,,,,
Sweden,1964,T,15,,,,,,,,,
Sweden,1968,T,9,,,,,,,,,
Sweden,1972,T,21,,,,,,,,,
Sweden,1976,T,10,,,,,,,,,
Sweden,1980,T,18,,,,,,,,,
Sweden,1984,T,32,,,,,,,,,
Sweden,1988,T,16,,,,,,,,,
Sweden,1992,T,35,,,,,,,,,
Sweden,1996,T,31,,,,,,,,,
Sweden,2000,T,32,,,,,,,,,
Sweden,2004,T,12,,,,,,,,,
Sweden,2008,T,7,,,,,,,,,
Sweden,2012,T,23,,,,,,,,,
Switzerland,1948,T,32,,,,,,,,,
Switzerland,1952,T,33,,,,,,,,,
Switzerland,1956,T,3,,,,,,,,,
Switzerland,1960,T,11,,,,,,,,,
Switzerland,1964,T,6,,,,,,,,,
Switzerland,1968,T,13,,,,,,,,,
Switzerland,1972,T,8,,,,,,,,,
Switzerland,1976,T,10,,,,,,,,,
Switzerland,1980,T,2,,,,,,,,,
Switzerland,1984,T,15,,,,,,,,,
Switzerland,1988,T,8,,,,,,,,,
Switzerland,1992,T,1,,,,,,,,,
Switzerland,1996,T,11,,,,,,,,,
Switzerland,2000,T,14,,,,,,,,,
Switzerland,2004,T,7,,,,,,,,,
Switzerland,2008,T,11,,,,,,,,,
Switzerland,2012,T,4,,,,,,,,,
Syria,1948,F,0,,,,,,,,,
Syria,1952,F,0,,,,,,,,,
Syria,1956,F,0,,,,,,,,,
Syria,1960,F,0,,,,,,,,,
Syria,1964,F,0,,,,,,,,,
Syria,1968,F,0,,,,,,,,,
Syria,1972,F,0,,,,,,,,,
Syria,1976,F,0,,,,,,,,,
Syria,1980,F,0,,,,,,,,,
Syria,1984,F,1,,,,,,,,,
Syria,1988,F,0,,,,,,,,,
Syria,1992,F,0,,,,,,,,,
Syria,1996,F,1,,,,,,,,,
Syria,2000,F,0,,,,,,,,,
Syria,2004,F,1,,,,,,,,,
Syria,2008,F,0,,,,,,,,,
Syria,2012,F,0,,,,,,,,,
Taiwan,1948,F,0,,,,,,,,,
Taiwan,1952,F,0,,,,,,,,,
Taiwan,1956,F,0,,,,,,,,,
Taiwan,1960,F,1,,,,,,,,,
Taiwan,1964,F,0,,,,,,,,,
Taiwan,1968,F,1,,,,,,,,,
Taiwan,1972,F,0,,,,,,,,,
Taiwan,1976,F,0,,,,,,,,,
Taiwan,1980,F,0,,,,,,,,,
Taiwan,1984,F,1,,,,,,,,,
Taiwan,1988,F,0,,,,,,,,,
Taiwan,1992,F,20,,,,,,,,,
Taiwan,1996,F,1,,,,,,,,,
Taiwan,2000,F,5,,,,,,,,,
Taiwan,2004,F,9,,,,,,,,,
Taiwan,2008,F,4,,,,,,,,,
Taiwan,2012,F,2,,,,,,,,,
Tajikistan,1948,F,0,,,,,,,,,
Tajikistan,1952,F,0,,,,,,,,,
Tajikistan,1956,F,0,,,,,,,,,
Tajikistan,1960,F,0,,,,,,,,,
Tajikistan,1964,F,0,,,,,,,,,
Tajikistan,1968,F,0,,,,,,,,,
Tajikistan,1972,T,0,,,,,,,,,
Tajikistan,1976,T,0,,,,,,,,,
Tajikistan,1980,F,0,,,,,,,,,
Tajikistan,1984,F,0,,,,,,,,,
Tajikistan,1988,F,0,,,,,,,,,
Tajikistan,1992,F,0,,,,,,,,,
Tajikistan,1996,F,0,,,,,,,,,
Tajikistan,2000,F,0,,,,,,,,,
Tajikistan,2004,F,0,,,,,,,,,
Tajikistan,2008,F,2,,,,,,,,,
Tajikistan,2012,F,1,,,,,,,,,
Tanzania,1948,F,0,,,,,,,,,
Tanzania,1952,F,0,,,,,,,,,
Tanzania,1956,F,0,,,,,,,,,
Tanzania,1960,F,0,,,,,,,,,
Tanzania,1964,F,0,,,,,,,,,
Tanzania,1968,F,0,,,,,,,,,
Tanzania,1972,F,0,,,,,,,,,
Tanzania,1976,F,0,,,,,,,,,
Tanzania,1980,F,2,,,,,,,,,
Tanzania,1984,F,0,,,,,,,,,
Tanzania,1988,F,0,,,,,,,,,
Tanzania,1992,F,0,,,,,,,,,
Tanzania,1996,F,0,,,,,,,,,
Tanzania,2000,F,0,,,,,,,,,
Tanzania,2004,F,0,,,,,,,,,
Tanzania,2008,F,0,,,,,,,,,
Tanzania,2012,F,0,,,,,,,,,
Thailand,1948,F,0,,,,,,,,,
Thailand,1952,F,0,,,,,,,,,
Thailand,1956,F,0,,,,,,,,,
Thailand,1960,F,0,,,,,,,,,
Thailand,1964,F,0,,,,,,,,,
Thailand,1968,F,0,,,,,,,,,
Thailand,1972,F,0,,,,,,,,,
Thailand,1976,F,1,,,,,,,,,
Thailand,1980,F,0,,,,,,,,,
Thailand,1984,F,1,,,,,,,,,
Thailand,1988,F,1,,,,,,,,,
Thailand,1992,F,1,,,,,,,,,
Thailand,1996,F,2,,,,,,,,,
Thailand,2000,F,3,,,,,,,,,
Thailand,2004,F,8,,,,,,,,,
Thailand,2008,F,4,,,,,,,,,
Thailand,2012,F,4,,,,,,,,,
Togo,1948,F,0,,,,,,,,,
Togo,1952,F,0,,,,,,,,,
Togo,1956,F,0,,,,,,,,,
Togo,1960,F,0,,,,,,,,,
Togo,1964,F,0,,,,,,,,,
Togo,1968,F,0,,,,,,,,,
Togo,1972,F,0,,,,,,,,,
Togo,1976,F,0,,,,,,,,,
Togo,1980,F,0,,,,,,,,,
Togo,1984,F,0,,,,,,,,,
Togo,1988,F,0,,,,,,,,,
Togo,1992,F,0,,,,,,,,,
Togo,1996,F,0,,,,,,,,,
Togo,2000,F,0,,,,,,,,,
Togo,2004,F,0,,,,,,,,,
Togo,2008,F,1,,,,,,,,,
Togo,2012,F,0,,,,,,,,,
Tonga,1948,F,0,,,,,,,,,
Tonga,1952,F,0,,,,,,,,,
Tonga,1956,F,0,,,,,,,,,
Tonga,1960,F,0,,,,,,,,,
Tonga,1964,F,0,,,,,,,,,
Tonga,1968,F,0,,,,,,,,,
Tonga,1972,F,0,,,,,,,,,
Tonga,1976,F,0,,,,,,,,,
Tonga,1980,F,0,,,,,,,,,
Tonga,1984,F,0,,,,,,,,,
Tonga,1988,F,0,,,,,,,,,
Tonga,1992,F,0,,,,,,,,,
Tonga,1996,F,1,,,,,,,,,
Tonga,2000,F,0,,,,,,,,,
Tonga,2004,F,0,,,,,,,,,
Tonga,2008,F,0,,,,,,,,,
Tonga,2012,F,0,,,,,,,,,
Trinidad and Tobago,1948,T,1,,,,,,,,,
Trinidad and Tobago,1952,T,2,,,,,,,,,
Trinidad and Tobago,1956,T,0,,,,,,,,,
Trinidad and Tobago,1960,T,0,,,,,,,,,
Trinidad and Tobago,1964,T,6,,,,,,,,,
Trinidad and Tobago,1968,T,0,,,,,,,,,
Trinidad and Tobago,1972,T,0,,,,,,,,,
Trinidad and Tobago,1976,T,1,,,,,,,,,
Trinidad and Tobago,1980,T,0,,,,,,,,,
Trinidad and Tobago,1984,T,0,,,,,,,,,
Trinidad and Tobago,1988,T,0,,,,,,,,,
Trinidad and Tobago,1992,T,0,,,,,,,,,
Trinidad and Tobago,1996,T,2,,,,,,,,,
Trinidad and Tobago,2000,T,2,,,,,,,,,
Trinidad and Tobago,2004,T,1,,,,,,,,,
Trinidad and Tobago,2008,T,5,,,,,,,,,
Trinidad and Tobago,2012,T,10,,,,,,,,,
Tunisia,1948,F,0,,,,,,,,,
Tunisia,1952,F,0,,,,,,,,,
Tunisia,1956,F,0,,,,,,,,,
Tunisia,1960,F,0,,,,,,,,,
Tunisia,1964,F,2,,,,,,,,,
Tunisia,1968,F,2,,,,,,,,,
Tunisia,1972,F,1,,,,,,,,,
Tunisia,1976,F,0,,,,,,,,,
Tunisia,1980,F,0,,,,,,,,,
Tunisia,1984,F,0,,,,,,,,,
Tunisia,1988,F,0,,,,,,,,,
Tunisia,1992,F,0,,,,,,,,,
Tunisia,1996,F,1,,,,,,,,,
Tunisia,2000,F,0,,,,,,,,,
Tunisia,2004,F,0,,,,,,,,,
Tunisia,2008,F,1,,,,,,,,,
Tunisia,2012,F,3,,,,,,,,,
Turkey,1948,F,12,,,,,,,,,
Turkey,1952,F,3,,,,,,,,,
Turkey,1956,F,7,,,,,,,,,
Turkey,1960,F,9,,,,,,,,,
Turkey,1964,F,6,,,,,,,,,
Turkey,1968,F,2,,,,,,,,,
Turkey,1972,F,1,,,,,,,,,
Turkey,1976,F,0,,,,,,,,,
Turkey,1980,F,0,,,,,,,,,
Turkey,1984,F,3,,,,,,,,,
Turkey,1988,F,2,,,,,,,,,
Turkey,1992,F,6,,,,,,,,,
Turkey,1996,F,6,,,,,,,,,
Turkey,2000,F,5,,,,,,,,,
Turkey,2004,F,10,,,,,,,,,
Turkey,2008,F,8,,,,,,,,,
Turkey,2012,F,4,,,,,,,,,
UAE,1948,F,0,,,,,,,,,
UAE,1952,F,0,,,,,,,,,
UAE,1956,F,0,,,,,,,,,
UAE,1960,F,0,,,,,,,,,
UAE,1964,F,0,,,,,,,,,
UAE,1968,F,0,,,,,,,,,
UAE,1972,F,0,,,,,,,,,
UAE,1976,F,0,,,,,,,,,
UAE,1980,F,0,,,,,,,,,
UAE,1984,F,0,,,,,,,,,
UAE,1988,F,0,,,,,,,,,
UAE,1992,T,0,,,,,,,,,
UAE,1996,T,0,,,,,,,,,
UAE,2000,T,0,,,,,,,,,
UAE,2004,T,0,,,,,,,,,
UAE,2008,T,0,,,,,,,,,
UAE,2012,T,0,,,,,,,,,
Uganda,1948,F,0,,,,,,,,,
Uganda,1952,F,0,,,,,,,,,
Uganda,1956,F,0,,,,,,,,,
Uganda,1960,F,0,,,,,,,,,
Uganda,1964,F,0,,,,,,,,,
Uganda,1968,F,2,,,,,,,,,
Uganda,1972,F,2,,,,,,,,,
Uganda,1976,F,0,,,,,,,,,
Uganda,1980,F,1,,,,,,,,,
Uganda,1984,F,0,,,,,,,,,
Uganda,1988,F,0,,,,,,,,,
Uganda,1992,F,0,,,,,,,,,
Uganda,1996,F,1,,,,,,,,,
Uganda,2000,F,0,,,,,,,,,
Uganda,2004,F,0,,,,,,,,,
Uganda,2008,F,0,,,,,,,,,
Uganda,2012,F,1,,,,,,,,,
Ukraine,1948,F,0,,,,,,,,,
Ukraine,1952,F,0,,,,,,,,,
Ukraine,1956,F,0,,,,,,,,,
Ukraine,1960,F,0,,,,,,,,,
Ukraine,1964,F,0,,,,,,,,,
Ukraine,1968,F,0,,,,,,,,,
Ukraine,1972,F,0,,,,,,,,,
Ukraine,1976,F,0,,,,,,,,,
Ukraine,1980,F,0,,,,,,,,,
Ukraine,1984,F,0,,,,,,,,,
Ukraine,1988,F,0,,,,,,,,,
Ukraine,1992,T,0,,,,,,,,,
Ukraine,1996,T,34,,T,,,,,,,
Ukraine,2000,F,35,,,,,,,,,
Ukraine,2004,F,48,,,,,,,,,
Ukraine,2008,F,31,,,,,,,,,
Ukraine,2012,F,25,,,,,,,,,
United Kingdom,1948,T,56,,,,,,,,,
United Kingdom,1952,T,31,,,,,,,,,
United Kingdom,1956,T,45,,,,,,,,,
United Kingdom,1960,T,28,,,,,,,,,
United Kingdom,1964,T,28,,,,,,,,,
United Kingdom,1968,T,18,,,,,,,,,
United Kingdom,1972,T,29,,,,,,,,,
United Kingdom,1976,T,32,,,,,,,,,
United Kingdom,1980,T,45,,,,,,,,,
United Kingdom,1984,T,72,,,,,,,,,
United Kingdom,1988,T,53,,,,,,,,,
United Kingdom,1992,T,50,,,,,,,,,
United Kingdom,1996,T,26,,,,,,,,,
United Kingdom,2000,T,55,,,,,,,,,
United Kingdom,2004,T,57,,,,,,,,,
United Kingdom,2008,T,77,,,,,,,,,
United Kingdom,2012,T,126,,,,,,,,,
United States of America,1948,T,148,,,,,,,,,
United States of America,1952,T,130,,,,,,,,,
United States of America,1956,T,118,,,,,,,,,
United States of America,1960,T,112,,,,,,,,,
United States of America,1964,T,150,,,,,,,,,
United States of America,1968,T,149,,,,,,,,,
United States of America,1972,T,155,,,,,,,,,
United States of America,1976,T,155,,,,,,,,,
United States of America,1980,T,0,,,,,,,,,
United States of America,1984,T,333,,,,,,,,,
United States of America,1988,T,193,,,,,,,,,
United States of America,1992,T,224,,,,,,,,,
United States of America,1996,T,260,,,,,,,,,
United States of America,2000,T,248,,,,,,,,,
United States of America,2004,T,264,,,,,,,,,
United States of America,2008,T,315,,,,,,,,,
United States of America,2012,T,250,,,,,,,,,
Uruguay,1948,F,3,,,,,,,,,
Uruguay,1952,F,14,,,,,,,,,
Uruguay,1956,F,12,,,,,,,,,
Uruguay,1960,F,0,,,,,,,,,
Uruguay,1964,F,1,,,,,,,,,
Uruguay,1968,F,0,,,,,,,,,
Uruguay,1972,F,0,,,,,,,,,
Uruguay,1976,F,0,,,,,,,,,
Uruguay,1980,F,0,,,,,,,,,
Uruguay,1984,F,0,,,,,,,,,
Uruguay,1988,F,0,,,,,,,,,
Uruguay,1992,F,0,,,,,,,,,
Uruguay,1996,F,0,,,,,,,,,
Uruguay,2000,F,1,,,,,,,,,
Uruguay,2004,F,0,,,,,,,,,
Uruguay,2008,F,0,,,,,,,,,
Uruguay,2012,F,0,,,,,,,,,
Uzbekistan,1948,F,0,,,,,,,,,
Uzbekistan,1952,F,0,,,,,,,,,
Uzbekistan,1956,F,0,,,,,,,,,
Uzbekistan,1960,F,0,,,,,,,,,
Uzbekistan,1964,F,0,,,,,,,,,
Uzbekistan,1968,F,0,,,,,,,,,
Uzbekistan,1972,F,0,,,,,,,,,
Uzbekistan,1976,F,0,,,,,,,,,
Uzbekistan,1980,F,0,,,,,,,,,
Uzbekistan,1984,F,0,,,,,,,,,
Uzbekistan,1988,F,0,,,,,,,,,
Uzbekistan,1992,F,0,,,,,,,,,
Uzbekistan,1996,F,2,,,,,,,,,
Uzbekistan,2000,F,4,,,,,,,,,
Uzbekistan,2004,F,5,,,,,,,,,
Uzbekistan,2008,F,6,,,,,,,,,
Uzbekistan,2012,F,3,,,,,,,,,
Venezuela,1948,F,0,,,,,,,,,
Venezuela,1952,F,1,,,,,,,,,
Venezuela,1956,F,0,,,,,,,,,
Venezuela,1960,F,1,,,,,,,,,
Venezuela,1964,F,0,,,,,,,,,
Venezuela,1968,F,1,,,,,,,,,
Venezuela,1972,F,0,,,,,,,,,
Venezuela,1976,F,1,,,,,,,,,
Venezuela,1980,F,1,,,,,,,,,
Venezuela,1984,F,3,,,,,,,,,
Venezuela,1988,F,0,,,,,,,,,
Venezuela,1992,F,0,,,,,,,,,
Venezuela,1996,F,0,,,,,,,,,
Venezuela,2000,F,0,,,,,,,,,
Venezuela,2004,F,2,,,,,,,,,
Venezuela,2008,F,1,,,,,,,,,
Venezuela,2012,F,1,,,,,,,,,
Vietnam,1948,F,0,,,,,,,,,
Vietnam,1952,F,0,,,,,,,,,
Vietnam,1956,F,0,,,,,,,,,
Vietnam,1960,F,0,,,,,,,,,
Vietnam,1964,F,0,,,,,,,,,
Vietnam,1968,F,0,,,,,,,,,
Vietnam,1972,F,0,,,,,,,,,
Vietnam,1976,F,0,,,,,,,,,
Vietnam,1980,F,0,,,,,,,,,
Vietnam,1984,F,0,,,,,,,,,
Vietnam,1988,F,0,,,,,,,,,
Vietnam,1992,F,0,,,,,,,,,
Vietnam,1996,F,0,,,,,,,,,
Vietnam,2000,F,1,,,,,,,,,
Vietnam,2004,F,0,,,,,,,,,
Vietnam,2008,F,1,,,,,,,,,
Vietnam,2012,F,0,,,,,,,,,
Virgin Islands,1948,F,0,,,,,,,,,
Virgin Islands,1952,F,0,,,,,,,,,
Virgin Islands,1956,F,0,,,,,,,,,
Virgin Islands,1960,F,0,,,,,,,,,
Virgin Islands,1964,F,0,,,,,,,,,
Virgin Islands,1968,F,0,,,,,,,,,
Virgin Islands,1972,F,0,,,,,,,,,
Virgin Islands,1976,F,0,,,,,,,,,
Virgin Islands,1980,F,0,,,,,,,,,
Virgin Islands,1984,F,0,,,,,,,,,
Virgin Islands,1988,F,1,,,,,,,,,
Virgin Islands,1992,F,0,,,,,,,,,
Virgin Islands,1996,F,0,,,,,,,,,
Virgin Islands,2000,F,0,,,,,,,,,
Virgin Islands,2004,F,0,,,,,,,,,
Virgin Islands,2008,F,0,,,,,,,,,
Virgin Islands,2012,F,0,,,,,,,,,
Zambia,1948,F,0,,,,,,,,,
Zambia,1952,F,0,,,,,,,,,
Zambia,1956,F,0,,,,,,,,,
Zambia,1960,F,0,,,,,,,,,
Zambia,1964,F,0,,,,,,,,,
Zambia,1968,F,0,,,,,,,,,
Zambia,1972,F,0,,,,,,,,,
Zambia,1976,F,0,,,,,,,,,
Zambia,1980,F,0,,,,,,,,,
Zambia,1984,F,1,,,,,,,,,
Zambia,1988,F,0,,,,,,,,,
Zambia,1992,F,0,,,,,,,,,
Zambia,1996,F,1,,,,,,,,,
Zambia,2000,F,0,,,,,,,,,
Zambia,2004,F,0,,,,,,,,,
Zambia,2008,F,0,,,,,,,,,
Zambia,2012,F,0,,,,,,,,,
Zimbabwe,1948,F,0,,,,,,,,,
Zimbabwe,1952,F,0,,,,,,,,,
Zimbabwe,1956,F,0,,,,,,,,,
Zimbabwe,1960,F,0,,,,,,,,,
Zimbabwe,1964,F,0,,,,,,,,,
Zimbabwe,1968,F,0,,,,,,,,,
Zimbabwe,1972,F,0,,,,,,,,,
Zimbabwe,1976,F,0,,,,,,,,,
Zimbabwe,1980,F,16,,,,,,,,,
Zimbabwe,1984,F,0,,,,,,,,,
Zimbabwe,1988,F,0,,,,,,,,,
Zimbabwe,1992,F,0,,,,,,,,,
Zimbabwe,1996,F,0,,,,,,,,,
Zimbabwe,2000,F,0,,,,,,,,,
Zimbabwe,2004,F,3,,,,,,,,,
Zimbabwe,2008,F,4,,,,,,,,,
Zimbabwe,2012,F,0,,,,,,,,,
